data;instytucja;fundusz;DATA_fundusz;typ_aktywa;emitent;isin;waluta;liczba_sztuk;wartosc_nominalna;wartosc_wg_ceny_nabycia;wartosc_wg_wyceny;udzial_proc_aktywa;termin_wykupu;rodzaj_oprocentowania;oprocentowanie;rodzaj_rynku;rynek;nazwa_instrumentu;typ_instrumentu;poziom_hierarchii;TYP_aktywo_std
2023-12-31;TFI PZU S.A.;inPZU Puls Życia 2030;2030;Akcje;11BIT;PL11BTS00015;PLN;0;0;0;785;;;;;;;Akcje;;akcje
2023-12-31;TFI PZU S.A.;inPZU Puls Życia 2030;2030;Akcje;;US00287Y1091;PLN;0;0;0;492;;;;;;;Akcje;;akcje
2023-12-31;TFI PZU S.A.;inPZU Puls Życia 2030;2030;Akcje;;US00724F1012;PLN;0;0;0;535;;;;;;;Akcje;;akcje
2023-12-31;TFI PZU S.A.;inPZU Puls Życia 2030;2030;Akcje;;US0079031078;PLN;0;0;0;489;;;;;;;Akcje;;akcje
2023-12-31;TFI PZU S.A.;inPZU Puls Życia 2030;2030;Akcje;Allegro.eu SA;LU2237380790;PLN;0;0;0;3413;;;;;;;Akcje;;akcje
2023-12-31;TFI PZU S.A.;inPZU Puls Życia 2030;2030;Akcje;;US02079K3059;PLN;0;0;0;964;;;;;;;Akcje;;akcje
2023-12-31;TFI PZU S.A.;inPZU Puls Życia 2030;2030;Akcje;;US0231351067;PLN;0;0;0;1738;;;;;;;Akcje;;akcje
2023-12-31;TFI PZU S.A.;inPZU Puls Życia 2030;2030;Akcje;;US0378331005;PLN;0;0;0;972;;;;;;;Akcje;;akcje
2023-12-31;TFI PZU S.A.;inPZU Puls Życia 2030;2030;Akcje;Archicom SA;PLARHCM00016;PLN;0;0;0;1833;;;;;;;Akcje;;akcje
2023-12-31;TFI PZU S.A.;inPZU Puls Życia 2030;2030;Akcje;Array Technologies Inc;US04271T1007;PLN;0;0;0;1016;;;;;;;Akcje;;akcje
2023-12-31;TFI PZU S.A.;inPZU Puls Życia 2030;2030;Akcje;ASML Holding NV;NL0010273215;PLN;0;0;0;1404;;;;;;;Akcje;;akcje
2023-12-31;TFI PZU S.A.;inPZU Puls Życia 2030;2030;Akcje;AUTOPARTN;PLATPRT00018;PLN;0;0;0;3250;;;;;;;Akcje;;akcje
2023-12-31;TFI PZU S.A.;inPZU Puls Życia 2030;2030;Akcje;Axon Enterprise Inc;US05464C1018;PLN;0;0;0;484;;;;;;;Akcje;;akcje
2023-12-31;TFI PZU S.A.;inPZU Puls Życia 2030;2030;Akcje;;GB0002634946;PLN;0;0;0;389;;;;;;;Akcje;;akcje
2023-12-31;TFI PZU S.A.;inPZU Puls Życia 2030;2030;Akcje;BENEFIT;PLBNFTS00018;PLN;0;0;0;3219;;;;;;;Akcje;;akcje
2023-12-31;TFI PZU S.A.;inPZU Puls Życia 2030;2030;Akcje;Bioceltix SA;PLBCLTX00019;PLN;0;0;0;938;;;;;;;Akcje;;akcje
2023-12-31;TFI PZU S.A.;inPZU Puls Życia 2030;2030;Akcje;;PLLWBGD00016;PLN;0;0;0;82;;;;;;;Akcje;;akcje
2023-12-31;TFI PZU S.A.;inPZU Puls Życia 2030;2030;Akcje;Captor Therapeutics;PLCPTRT00014;PLN;0;0;0;1405;;;;;;;Akcje;;akcje
2023-12-31;TFI PZU S.A.;inPZU Puls Życia 2030;2030;Akcje;CDPROJEKT;PLOPTTC00011;PLN;0;0;0;1464;;;;;;;Akcje;;akcje
2023-12-31;TFI PZU S.A.;inPZU Puls Życia 2030;2030;Akcje;;CH0210483332;PLN;0;0;0;494;;;;;;;Akcje;;akcje
2023-12-31;TFI PZU S.A.;inPZU Puls Życia 2030;2030;Akcje;CREOTECH;PLCRTCH00017;PLN;0;0;0;734;;;;;;;Akcje;;akcje
2023-12-31;TFI PZU S.A.;inPZU Puls Życia 2030;2030;Akcje;Crowdstrike Holdings Inc;US22788C1053;PLN;0;0;0;678;;;;;;;Akcje;;akcje
2023-12-31;TFI PZU S.A.;inPZU Puls Życia 2030;2030;Akcje;cyber_Folks S.A.;PLR220000018;PLN;0;0;0;604;;;;;;;Akcje;;akcje
2023-12-31;TFI PZU S.A.;inPZU Puls Życia 2030;2030;Akcje;;US2358511028;PLN;0;0;0;355;;;;;;;Akcje;;akcje
2023-12-31;TFI PZU S.A.;inPZU Puls Życia 2030;2030;Akcje;;US2441991054;PLN;0;0;0;495;;;;;;;Akcje;;akcje
2023-12-31;TFI PZU S.A.;inPZU Puls Życia 2030;2030;Akcje;DexCom Inc;US2521311074;PLN;0;0;0;579;;;;;;;Akcje;;akcje
2023-12-31;TFI PZU S.A.;inPZU Puls Życia 2030;2030;Akcje;DINOPL;PLDINPL00011;PLN;0;0;0;3332;;;;;;;Akcje;;akcje
2023-12-31;TFI PZU S.A.;inPZU Puls Życia 2030;2030;Akcje;;PLDMDVL00012;PLN;0;0;0;400;;;;;;;Akcje;;akcje
2023-12-31;TFI PZU S.A.;inPZU Puls Życia 2030;2030;Akcje;;AT0000652011;PLN;0;0;0;834;;;;;;;Akcje;;akcje
2023-12-31;TFI PZU S.A.;inPZU Puls Życia 2030;2030;Akcje;GRENEVIA;PLFAMUR00012;PLN;0;0;0;944;;;;;;;Akcje;;akcje
2023-12-31;TFI PZU S.A.;inPZU Puls Życia 2030;2030;Akcje;;PLHPRMN00037;PLN;0;0;0;13;;;;;;;Akcje;;akcje
2023-12-31;TFI PZU S.A.;inPZU Puls Życia 2030;2030;Akcje;;ES0118594417;PLN;0;0;0;338;;;;;;;Akcje;;akcje
2023-12-31;TFI PZU S.A.;inPZU Puls Życia 2030;2030;Akcje;INGBSK;PLBSK0000017;PLN;0;0;0;392;;;;;;;Akcje;;akcje
2023-12-31;TFI PZU S.A.;inPZU Puls Życia 2030;2030;Akcje;InPost SA;LU2290522684;PLN;0;0;0;3420;;;;;;;Akcje;;akcje
2023-12-31;TFI PZU S.A.;inPZU Puls Życia 2030;2030;Akcje;INTERCARS;PLINTCS00010;PLN;0;0;0;737;;;;;;;Akcje;;akcje
2023-12-31;TFI PZU S.A.;inPZU Puls Życia 2030;2030;Akcje;Intuitive Surgical Inc;US46120E6023;PLN;0;0;0;572;;;;;;;Akcje;;akcje
2023-12-31;TFI PZU S.A.;inPZU Puls Życia 2030;2030;Akcje;Jeronimo Martins SGPS SA;PTJMT0AE0001;PLN;0;0;0;625;;;;;;;Akcje;;akcje
2023-12-31;TFI PZU S.A.;inPZU Puls Życia 2030;2030;Akcje;;PLKETY000011;PLN;0;0;0;297;;;;;;;Akcje;;akcje
2023-12-31;TFI PZU S.A.;inPZU Puls Życia 2030;2030;Akcje;KRUK;PLKRK0000010;PLN;0;0;0;910;;;;;;;Akcje;;akcje
2023-12-31;TFI PZU S.A.;inPZU Puls Życia 2030;2030;Akcje;LPP;PLLPP0000011;PLN;0;0;0;5441;;;;;;;Akcje;;akcje
2023-12-31;TFI PZU S.A.;inPZU Puls Życia 2030;2030;Akcje;;FR0000121014;PLN;0;0;0;403;;;;;;;Akcje;;akcje
2023-12-31;TFI PZU S.A.;inPZU Puls Życia 2030;2030;Akcje;Medicover AB;SE0009778848;PLN;0;0;0;1208;;;;;;;Akcje;;akcje
2023-12-31;TFI PZU S.A.;inPZU Puls Życia 2030;2030;Akcje;Microsoft Corp;US5949181045;PLN;0;0;0;2821;;;;;;;Akcje;;akcje
2023-12-31;TFI PZU S.A.;inPZU Puls Życia 2030;2030;Akcje;;PLMRBUD00015;PLN;0;0;0;447;;;;;;;Akcje;;akcje
2023-12-31;TFI PZU S.A.;inPZU Puls Życia 2030;2030;Akcje;;US60741F1049;PLN;0;0;0;493;;;;;;;Akcje;;akcje
2023-12-31;TFI PZU S.A.;inPZU Puls Życia 2030;2030;Akcje;Mo-BRUK SA;PLMOBRK00013;PLN;0;0;0;511;;;;;;;Akcje;;akcje
2023-12-31;TFI PZU S.A.;inPZU Puls Życia 2030;2030;Akcje;;PLMURPL00190;PLN;0;0;0;79;;;;;;;Akcje;;akcje
2023-12-31;TFI PZU S.A.;inPZU Puls Życia 2030;2030;Akcje;NEUCA;PLTRFRM00018;PLN;0;0;0;1021;;;;;;;Akcje;;akcje
2023-12-31;TFI PZU S.A.;inPZU Puls Życia 2030;2030;Akcje;;US6541061031;PLN;0;0;0;296;;;;;;;Akcje;;akcje
2023-12-31;TFI PZU S.A.;inPZU Puls Życia 2030;2030;Akcje;;CH0012005267;PLN;0;0;0;471;;;;;;;Akcje;;akcje
2023-12-31;TFI PZU S.A.;inPZU Puls Życia 2030;2030;Akcje;;DK0062498333;PLN;0;0;0;410;;;;;;;Akcje;;akcje
2023-12-31;TFI PZU S.A.;inPZU Puls Życia 2030;2030;Akcje;NVIDIA Corp;US67066G1040;PLN;0;0;0;2837;;;;;;;Akcje;;akcje
2023-12-31;TFI PZU S.A.;inPZU Puls Życia 2030;2030;Akcje;;PLTLKPL00017;PLN;0;0;0;453;;;;;;;Akcje;;akcje
2023-12-31;TFI PZU S.A.;inPZU Puls Życia 2030;2030;Akcje;;DK0060094928;PLN;0;0;0;26;;;;;;;Akcje;;akcje
2023-12-31;TFI PZU S.A.;inPZU Puls Życia 2030;2030;Akcje;Palo Alto Networks Inc;US6974351057;PLN;0;0;0;1105;;;;;;;Akcje;;akcje
2023-12-31;TFI PZU S.A.;inPZU Puls Życia 2030;2030;Akcje;PEKAO;PLPEKAO00016;PLN;0;0;0;3763;;;;;;;Akcje;;akcje
2023-12-31;TFI PZU S.A.;inPZU Puls Życia 2030;2030;Akcje;;NL0015000AU7;PLN;0;0;0;20;;;;;;;Akcje;;akcje
2023-12-31;TFI PZU S.A.;inPZU Puls Życia 2030;2030;Akcje;PGE;PLPGER000010;PLN;0;0;0;595;;;;;;;Akcje;;akcje
2023-12-31;TFI PZU S.A.;inPZU Puls Życia 2030;2030;Akcje;PKNORLEN;PLPKN0000018;PLN;0;0;0;6028;;;;;;;Akcje;;akcje
2023-12-31;TFI PZU S.A.;inPZU Puls Życia 2030;2030;Akcje;PKOBP;PLPKO0000016;PLN;0;0;0;4931;;;;;;;Akcje;;akcje
2023-12-31;TFI PZU S.A.;inPZU Puls Życia 2030;2030;Akcje;PZU;PLPZU0000011;PLN;0;0;0;4184;;;;;;;Akcje;;akcje
2023-12-31;TFI PZU S.A.;inPZU Puls Życia 2030;2030;Akcje;;DE0007030009;PLN;0;0;0;1070;;;;;;;Akcje;;akcje
2023-12-31;TFI PZU S.A.;inPZU Puls Życia 2030;2030;Akcje;;PLSELVT00013;PLN;0;0;0;248;;;;;;;Akcje;;akcje
2023-12-31;TFI PZU S.A.;inPZU Puls Życia 2030;2030;Akcje;Salesforce.com Inc;US79466L3024;PLN;0;0;0;970;;;;;;;Akcje;;akcje
2023-12-31;TFI PZU S.A.;inPZU Puls Życia 2030;2030;Akcje;SANPL2;PLBZ00000044;PLN;0;0;0;1849;;;;;;;Akcje;;akcje
2023-12-31;TFI PZU S.A.;inPZU Puls Życia 2030;2030;Akcje;;PLSCPFL00018;PLN;0;0;0;51;;;;;;;Akcje;;akcje
2023-12-31;TFI PZU S.A.;inPZU Puls Życia 2030;2030;Akcje;;PLSLVCR00029;PLN;0;0;0;20;;;;;;;Akcje;;akcje
2023-12-31;TFI PZU S.A.;inPZU Puls Życia 2030;2030;Akcje;;GB0009223206;PLN;0;0;0;26;;;;;;;Akcje;;akcje
2023-12-31;TFI PZU S.A.;inPZU Puls Życia 2030;2030;Akcje;;PLSTLPD00017;PLN;0;0;0;15;;;;;;;Akcje;;akcje
2023-12-31;TFI PZU S.A.;inPZU Puls Życia 2030;2030;Akcje;;PLTAURN00011;PLN;0;0;0;706;;;;;;;Akcje;;akcje
2023-12-31;TFI PZU S.A.;inPZU Puls Życia 2030;2030;Akcje;;PLLVTSF00010;PLN;0;0;0;238;;;;;;;Akcje;;akcje
2023-12-31;TFI PZU S.A.;inPZU Puls Życia 2030;2030;Akcje;;FR0000121329;PLN;0;0;0;440;;;;;;;Akcje;;akcje
2023-12-31;TFI PZU S.A.;inPZU Puls Życia 2030;2030;Akcje;;US8725401090;PLN;0;0;0;787;;;;;;;Akcje;;akcje
2023-12-31;TFI PZU S.A.;inPZU Puls Życia 2030;2030;Akcje;;PLTIM0000016;PLN;0;0;0;79;;;;;;;Akcje;;akcje
2023-12-31;TFI PZU S.A.;inPZU Puls Życia 2030;2030;Akcje;;DK0061539921;PLN;0;0;0;755;;;;;;;Akcje;;akcje
2023-12-31;TFI PZU S.A.;inPZU Puls Życia 2030;2030;Akcje;;PLVIGOS00015;PLN;0;0;0;30;;;;;;;Akcje;;akcje
2023-12-31;TFI PZU S.A.;inPZU Puls Życia 2030;2030;Akcje;;DE000VTSC025;PLN;0;0;0;303;;;;;;;Akcje;;akcje
2023-12-31;TFI PZU S.A.;inPZU Puls Życia 2030;2030;Akcje;;PLVOXEL00014;PLN;0;0;0;766;;;;;;;Akcje;;akcje
2023-12-31;TFI PZU S.A.;inPZU Puls Życia 2030;2030;Akcje;;PLWRTPL00027;PLN;0;0;0;299;;;;;;;Akcje;;akcje
2023-12-31;TFI PZU S.A.;inPZU Puls Życia 2030;2030;Akcje;;PLWTCHN00030;PLN;0;0;0;33;;;;;;;Akcje;;akcje
2023-12-31;TFI PZU S.A.;inPZU Puls Życia 2030;2030;Akcje;;PLXTRDM00011;PLN;0;0;0;1230;;;;;;;Akcje;;akcje
2023-12-31;TFI PZU S.A.;inPZU Puls Życia 2040;2040;Akcje;11BIT;PL11BTS00015;PLN;0;0;0;1510;;;;;;;Akcje;;akcje
2023-12-31;TFI PZU S.A.;inPZU Puls Życia 2040;2040;Akcje;Adobe Systems Inc;US00724F1012;PLN;0;0;0;1069;;;;;;;Akcje;;akcje
2023-12-31;TFI PZU S.A.;inPZU Puls Życia 2040;2040;Akcje;Advanced Micro Devices Inc;US0079031078;PLN;0;0;0;931;;;;;;;Akcje;;akcje
2023-12-31;TFI PZU S.A.;inPZU Puls Życia 2040;2040;Akcje;Allegro.eu SA;LU2237380790;PLN;0;0;0;6860;;;;;;;Akcje;;akcje
2023-12-31;TFI PZU S.A.;inPZU Puls Życia 2040;2040;Akcje;Alphabet Inc;US02079K3059;PLN;0;0;0;1842;;;;;;;Akcje;;akcje
2023-12-31;TFI PZU S.A.;inPZU Puls Życia 2040;2040;Akcje;Amazon.com Inc;US0231351067;PLN;0;0;0;3312;;;;;;;Akcje;;akcje
2023-12-31;TFI PZU S.A.;inPZU Puls Życia 2040;2040;Akcje;Apple Inc;US0378331005;PLN;0;0;0;1863;;;;;;;Akcje;;akcje
2023-12-31;TFI PZU S.A.;inPZU Puls Życia 2040;2040;Akcje;Archicom SA;PLARHCM00016;PLN;0;0;0;3471;;;;;;;Akcje;;akcje
2023-12-31;TFI PZU S.A.;inPZU Puls Życia 2040;2040;Akcje;Array Technologies Inc;US04271T1007;PLN;0;0;0;1950;;;;;;;Akcje;;akcje
2023-12-31;TFI PZU S.A.;inPZU Puls Życia 2040;2040;Akcje;ASML Holding NV;NL0010273215;PLN;0;0;0;2795;;;;;;;Akcje;;akcje
2023-12-31;TFI PZU S.A.;inPZU Puls Życia 2040;2040;Akcje;AUTOPARTN;PLATPRT00018;PLN;0;0;0;6487;;;;;;;Akcje;;akcje
2023-12-31;TFI PZU S.A.;inPZU Puls Życia 2040;2040;Akcje;Axon Enterprise Inc;US05464C1018;PLN;0;0;0;925;;;;;;;Akcje;;akcje
2023-12-31;TFI PZU S.A.;inPZU Puls Życia 2040;2040;Akcje;BENEFIT;PLBNFTS00018;PLN;0;0;0;6371;;;;;;;Akcje;;akcje
2023-12-31;TFI PZU S.A.;inPZU Puls Życia 2040;2040;Akcje;Bioceltix SA;PLBCLTX00019;PLN;0;0;0;1783;;;;;;;Akcje;;akcje
2023-12-31;TFI PZU S.A.;inPZU Puls Życia 2040;2040;Akcje;Captor Therapeutics;PLCPTRT00014;PLN;0;0;0;2670;;;;;;;Akcje;;akcje
2023-12-31;TFI PZU S.A.;inPZU Puls Życia 2040;2040;Akcje;CDPROJEKT;PLOPTTC00011;PLN;0;0;0;2926;;;;;;;Akcje;;akcje
2023-12-31;TFI PZU S.A.;inPZU Puls Życia 2040;2040;Akcje;CREOTECH;PLCRTCH00017;PLN;0;0;0;1404;;;;;;;Akcje;;akcje
2023-12-31;TFI PZU S.A.;inPZU Puls Życia 2040;2040;Akcje;Crowdstrike Holdings Inc;US22788C1053;PLN;0;0;0;1301;;;;;;;Akcje;;akcje
2023-12-31;TFI PZU S.A.;inPZU Puls Życia 2040;2040;Akcje;cyber_Folks S.A.;PLR220000018;PLN;0;0;0;1195;;;;;;;Akcje;;akcje
2023-12-31;TFI PZU S.A.;inPZU Puls Życia 2040;2040;Akcje;;US2358511028;PLN;0;0;0;355;;;;;;;Akcje;;akcje
2023-12-31;TFI PZU S.A.;inPZU Puls Życia 2040;2040;Akcje;;US2441991054;PLN;0;0;0;495;;;;;;;Akcje;;akcje
2023-12-31;TFI PZU S.A.;inPZU Puls Życia 2040;2040;Akcje;DexCom Inc;US2521311074;PLN;0;0;0;1108;;;;;;;Akcje;;akcje
2023-12-31;TFI PZU S.A.;inPZU Puls Życia 2040;2040;Akcje;DINOPL;PLDINPL00011;PLN;0;0;0;6562;;;;;;;Akcje;;akcje
2023-12-31;TFI PZU S.A.;inPZU Puls Życia 2040;2040;Akcje;;PLDMDVL00012;PLN;0;0;0;400;;;;;;;Akcje;;akcje
2023-12-31;TFI PZU S.A.;inPZU Puls Życia 2040;2040;Akcje;ERSTE GROUP BANK;AT0000652011;PLN;0;0;0;1591;;;;;;;Akcje;;akcje
2023-12-31;TFI PZU S.A.;inPZU Puls Życia 2040;2040;Akcje;GRENEVIA;PLFAMUR00012;PLN;0;0;0;1809;;;;;;;Akcje;;akcje
2023-12-31;TFI PZU S.A.;inPZU Puls Życia 2040;2040;Akcje;INGBSK;PLBSK0000017;PLN;0;0;0;756;;;;;;;Akcje;;akcje
2023-12-31;TFI PZU S.A.;inPZU Puls Życia 2040;2040;Akcje;InPost SA;LU2290522684;PLN;0;0;0;6717;;;;;;;Akcje;;akcje
2023-12-31;TFI PZU S.A.;inPZU Puls Życia 2040;2040;Akcje;INTERCARS;PLINTCS00010;PLN;0;0;0;1478;;;;;;;Akcje;;akcje
2023-12-31;TFI PZU S.A.;inPZU Puls Życia 2040;2040;Akcje;Intuitive Surgical Inc;US46120E6023;PLN;0;0;0;1195;;;;;;;Akcje;;akcje
2023-12-31;TFI PZU S.A.;inPZU Puls Życia 2040;2040;Akcje;Jeronimo Martins SGPS SA;PTJMT0AE0001;PLN;0;0;0;1250;;;;;;;Akcje;;akcje
2023-12-31;TFI PZU S.A.;inPZU Puls Życia 2040;2040;Akcje;;PLKETY000011;PLN;0;0;0;297;;;;;;;Akcje;;akcje
2023-12-31;TFI PZU S.A.;inPZU Puls Życia 2040;2040;Akcje;KRUK;PLKRK0000010;PLN;0;0;0;1791;;;;;;;Akcje;;akcje
2023-12-31;TFI PZU S.A.;inPZU Puls Życia 2040;2040;Akcje;LPP;PLLPP0000011;PLN;0;0;0;10883;;;;;;;Akcje;;akcje
2023-12-31;TFI PZU S.A.;inPZU Puls Życia 2040;2040;Akcje;;FR0000121014;PLN;0;0;0;403;;;;;;;Akcje;;akcje
2023-12-31;TFI PZU S.A.;inPZU Puls Życia 2040;2040;Akcje;Medicover AB;SE0009778848;PLN;0;0;0;2410;;;;;;;Akcje;;akcje
2023-12-31;TFI PZU S.A.;inPZU Puls Życia 2040;2040;Akcje;Microsoft Corp;US5949181045;PLN;0;0;0;5405;;;;;;;Akcje;;akcje
2023-12-31;TFI PZU S.A.;inPZU Puls Życia 2040;2040;Akcje;;PLMRBUD00015;PLN;0;0;0;447;;;;;;;Akcje;;akcje
2023-12-31;TFI PZU S.A.;inPZU Puls Życia 2040;2040;Akcje;;US60741F1049;PLN;0;0;0;493;;;;;;;Akcje;;akcje
2023-12-31;TFI PZU S.A.;inPZU Puls Życia 2040;2040;Akcje;Mo-BRUK SA;PLMOBRK00013;PLN;0;0;0;982;;;;;;;Akcje;;akcje
2023-12-31;TFI PZU S.A.;inPZU Puls Życia 2040;2040;Akcje;;PLMURPL00190;PLN;0;0;0;79;;;;;;;Akcje;;akcje
2023-12-31;TFI PZU S.A.;inPZU Puls Życia 2040;2040;Akcje;NEUCA;PLTRFRM00018;PLN;0;0;0;1951;;;;;;;Akcje;;akcje
2023-12-31;TFI PZU S.A.;inPZU Puls Życia 2040;2040;Akcje;;US6541061031;PLN;0;0;0;296;;;;;;;Akcje;;akcje
2023-12-31;TFI PZU S.A.;inPZU Puls Życia 2040;2040;Akcje;;CH0012005267;PLN;0;0;0;471;;;;;;;Akcje;;akcje
2023-12-31;TFI PZU S.A.;inPZU Puls Życia 2040;2040;Akcje;;DK0062498333;PLN;0;0;0;410;;;;;;;Akcje;;akcje
2023-12-31;TFI PZU S.A.;inPZU Puls Życia 2040;2040;Akcje;NVIDIA Corp;US67066G1040;PLN;0;0;0;5651;;;;;;;Akcje;;akcje
2023-12-31;TFI PZU S.A.;inPZU Puls Życia 2040;2040;Akcje;Palo Alto Networks Inc;US6974351057;PLN;0;0;0;2196;;;;;;;Akcje;;akcje
2023-12-31;TFI PZU S.A.;inPZU Puls Życia 2040;2040;Akcje;PEKAO;PLPEKAO00016;PLN;0;0;0;7471;;;;;;;Akcje;;akcje
2023-12-31;TFI PZU S.A.;inPZU Puls Życia 2040;2040;Akcje;PGE;PLPGER000010;PLN;0;0;0;1131;;;;;;;Akcje;;akcje
2023-12-31;TFI PZU S.A.;inPZU Puls Życia 2040;2040;Akcje;PKNORLEN;PLPKN0000018;PLN;0;0;0;11595;;;;;;;Akcje;;akcje
2023-12-31;TFI PZU S.A.;inPZU Puls Życia 2040;2040;Akcje;PKOBP;PLPKO0000016;PLN;0;0;0;9880;;;;;;;Akcje;;akcje
2023-12-31;TFI PZU S.A.;inPZU Puls Życia 2040;2040;Akcje;PZU;PLPZU0000011;PLN;0;0;0;7970;;;;;;;Akcje;;akcje
2023-12-31;TFI PZU S.A.;inPZU Puls Życia 2040;2040;Akcje;Rheinmetall AG;DE0007030009;PLN;0;0;0;2030;;;;;;;Akcje;;akcje
2023-12-31;TFI PZU S.A.;inPZU Puls Życia 2040;2040;Akcje;Salesforce.com Inc;US79466L3024;PLN;0;0;0;1932;;;;;;;Akcje;;akcje
2023-12-31;TFI PZU S.A.;inPZU Puls Życia 2040;2040;Akcje;SANPL2;PLBZ00000044;PLN;0;0;0;3558;;;;;;;Akcje;;akcje
