COMPANY;TICKER;Allianz Polska TFI S.A.;BNP Paribas TFI S.A.;ESALIENS TFI S.A.;Generali Investments TFI S.A.;Goldman Sachs TFI S.A.;Investors TFI S.A.;Millennium TFI S.A.;Nationale-Nederlanden;PFR TFI S.A.;PKO TFI S.A.;PZU TFI S.A.;Pekao TFI S.A.;Pocztylion;Santander TFI S.A.;UNIQA TFI S.A.;Vienna Life;TOTAL
11 BIT STUDIOS SA;11B PW Equity;;0.0007759036466640216;;;;;;;;0.00043645329383145914;;;;;;0.000001865049563347762;0.0012142219900588286
ATAL S.A.;1AT PW Equity;;0.0012183124111230072;;;0.0008121518168496723;;0.0011055230717495113;;;;;0.0017858343695733103;;0.004454322261636839;0.0029126833654954426;;0.012288827296427782
Anglo American Plc.;AAL LN Equity;;;;;;;;;;;0.008202357812694662;;;;;;0.008202357812694662
APPLE INC.;AAPL US Equity;;;;;;0.0031224984768141106;;0.00059095683728679536;;;;;;;;;0.003713455314100906
AB S.A.;ABE PW Equity;0.0009619399277966466;0.003042686393587143;;0.00765289231381989;0.0018994564427355987;0.003640584052395898;0.005468765800260287;;0.0039128008666235814;0.007549283595415995;;;0.012922426187926013;0.008474321502242175;0.002134971042030765;0.0034833519809142865;0.06114348010574828
ASSECO BUSINESS SOLUTIONS S.A.;ABS PW Equity;;;;;0.0021879816129642807;0.00019934162873175405;;;;0.0023515629360170487;;;;;;;0.004738886177713083
BARRICK MINING CORP;ABX CN Equity;;;;;;0.0013575588262000565;;;0.010096131361849334;;;;;;;;0.01145369018804939
ASSECO POLAND S.A.;ACP PW Equity;0.017826946714449838;0.013809136171136642;;0.007821650458378092;0.022369433636243974;0.00214781278424234;0.019131304519194814;0.024524059171558723;0.019778727037714179;0.02119362949347618;;;0.026366602351511106;;0.011133817919704383;0.012774583895771277;0.19887770415338153
ADOBE INC.;ADBE US Equity;;;;0.0037570722910207804;;;;;;;;;;0.004519501465853291;;;0.008276573756874072
Analog Devices, Inc.;ADI US Equity;;;;0.00619666807671337;;;;;;;;;;;;;0.00619666807671337
AGNICO EAGLE MINES LTD;AEM CN Equity;;;;;;0.003539197865132328;;0.0039701304574568774;;;;;;;;;0.007509328322589206
ALAMOS GOLD INC-CLASS A;AGI CN Equity;;;;;;0.000639203266597758;;;;;;;;;;;0.000639203266597758
Agora S.A.;AGO PW Equity;;;;;0.0008829158611680278;;0.004432764675364076;;;;0.001823028624024209;;;;;;0.007138709160556312
AIR LIQUIDE SA;AI FP Equity;;;;;;0.0005584407172043749;;;;;;;;;;;0.0005584407172043749
Aixtron SE;AIXA GR Equity;;;;;;;;;;;;0.009251263954029605;;;;;0.009251263954029605
ALBEMARLE CORP;ALB US Equity;;;;;0.007227067923335334;;;;;;;;;0.005412315379422123;;;0.012639383302757459
ALLEGRO.EU SOCIETE ANONYME;ALE PW Equity;0.031504454615306967;0.037893868679658183;0.019300877346077703;0.04246696697108463;0.039295820430897384;0.041304212458350635;0.03898280196189474;0.026164110736937563;0.03793126622114423;0.04918560623775649;0.03627105474666482;0.04944394623792644;0.032394132123346533;0.034539653253087144;0.003921728015801221;0.033915767044198804;0.5545162670801335
AILLERON S.A.;ALL PW Equity;;0.0004181608774641069;;;;;;;;;;;;;;;0.0004181608774641069
ALIOR BANK S.A.;ALR PW Equity;0.016613856172815407;0.018905756486714258;0.06470863885033228;0.02522493676445749;0.026955465195163457;0.020989241246074988;0.024269879961826972;0.02905525932147447;0.022742787652936594;0.024985732134260235;0.022915060914420504;0.04135189394883754;0.014805370228143782;0.03316539769323153;0.00557425908340646;0.012184061217088382;0.40444759687118434
ALLIANZ SE;ALV GR Equity;;;;;;0.0007822186376163852;;0.005056001634751404;;;;;;;;;0.005838220272367789
Applied Materials Inc.;AMAT US Equity;;;;;;;;0.00022016040666542426;;;;;;;;;0.00022016040666542426
AMBRA SA;AMB PW Equity;;;;;;;;;;0.00059834155260893696;;;0.0044214907594781594;;;0.0013469255247028886;0.006366757836789985
AMICA SA;AMC PW Equity;;;;;;;;;;0.0004444172906291019;;0.000009611082745355601;0.005392726736063893;;;;0.005846755109438351
ADVANCED MICRO DEVICES INC;AMD US Equity;;;;;;0.0012335608218261693;;0.005087021373145216;;;;;;0.010733937440169856;;;0.01705451963514124
AMAZON.COM, INC.;AMZN US Equity;0.010351573876369142;;0.014331778148409244;;;0.005342078336886927;;0.007997672464508297;0.009130580516614392;;0.008890612529866442;;;0.016509958965911504;;;0.072554254838565955
ANSWEAR.COM S.A.;ANR PW Equity;0.003705296429753928;0.0010273206751721228;0.022912157704871743;;0.0019621831645463458;;;;;0.002172840478637048;;;;0.004367469899328229;;;0.03614726835230942
AUTO PARTNER S.A.;APR PW Equity;;0.003425796901457156;0.001805330044542396;0.006819346510750957;0.004272911363907719;0.0035007089901335153;0.005273093211019934;;;0.0020056702904044382;0.0042145576686899655;;0.004585390458264797;;0.0020360264258281693;0.000030977032213913916;0.03796980889721296
APATOR S.A.;APT PW Equity;;;;;0.002752755617868011;;;;;0.00059500019888994934;;;;;;;0.003347755816757961
ARCHICOM S.A.;ARH PW Equity;;0.003391671958608302;;;0.00586982264178506;;;;;;0.012770026498429163;0.0019833879785851818;;;0.0009594718850525363;;0.024974380962460243
ARLEN S.A.;ARL PW Equity;0.002848597653145055;;0.0037662851320294755;0.002742097809370983;0.0023226147352789556;;;;;;0.0049043236004341895;;;;;;0.016583918930258659
ARTIFEX MUNDI S.A.;ART PW Equity;;0.0007763526649780633;;;;;;;;;;;;;;;0.0007763526649780633
ASBISC ENTERPRISES PLC;ASB PW Equity;0.0042349652664690407;0.005881276361924431;;;;;;;;;;;;;;0.006451211104835605;0.016567452733229078
ASSECO SOUTH EASTERN EUROPE S.A.;ASE PW Equity;;0.0015261458966805613;;0.0026754787239968686;0.0023453735724549024;0.002244996940107877;;;0.002583775881568251;0.0008258749827241833;0.0034026989905505683;0.000457929648485213;;;0.003700689707803424;0.015593483460091455;0.035356447804463302
ASML HOLDING N.V.;ASML NA Equity;0.0032732314212972713;;;0.006327687418427834;;;;0.010193120230614738;;;;;;0.006706233266212603;;;0.026500272336552446
ASTARTA HOLDING N.V.;AST PW Equity;;0.0017120745021223113;;;;;;;;;;;;;;;0.0017120745021223113
ARCTIC PAPER S.A.;ATC PW Equity;;0.0008737995175280167;;;0.0002135972624693607;;;;;0.0010298190173227209;;;;0.0009964600866764778;;0.00035633267368567846;0.003470008557682255
ATENDE S.A.;ATD PW Equity;;0.0004277061087840049;;;;;;;;;;;;;;;0.0004277061087840049
GRUPA SA;ATG PW Equity;;0.0009591165893424479;;;;;;;;0.00288251065473551;;;;;;0.0025791489461879913;0.006420776190265949
GRUPA AZOTY S.A.;ATT PW Equity;;0.003057328386887897;;;0.0007843086893315593;;;;;0.0015228600241410284;;;;;;;0.005364497100360485
BROADCOM INC;AVGO US Equity;;;;;;0.0014820839988376594;;0.01271288589211499;;;;;;0.008661140688973905;;;0.022856110579926554
Axon Enterprise Inc;AXON US Equity;;;;;;;;;;;0.007997029911845995;;;;;;0.007997029911845995
BAE Systems PLC;BA/ LN Equity;;;;;;;;;;;0.00224724217118736;;;;;;0.00224724217118736
BABCOCK INTERNATIONAL GROUP PLC;BAB LN Equity;;;;;;0.0025808664694143013;;;;;;;;;;;0.0025808664694143013
BANK OF AMERICA CORP;BAC US Equity;;;;;;0.002466195500024942;;0.002760206073743123;;;;;;;;;0.005226401573768065
BARCLAYS PLC;BARC LN Equity;;;;;0.0048570612276734804;;;;;;;;;;;;0.0048570612276734804
Banco Bilbao Vizcaya Argentaria S.A.;BBVA SM Equity;;;;;;;;0.004130990654732342;;;;;;;;;0.004130990654732342
Banco Comercial Portugues S.A.;BCP PL Equity;;;;;;;;0.004972599369473669;;;;;;;;;0.004972599369473669
Bioceltix SA;BCX PW Equity;;;;0.0020981553069754508;0.0010300212462126955;;;;;;0.004992794610586832;;;;;;0.008120971163774978
BUDIMEX S.A.;BDX PW Equity;0.01800262239913579;0.019058847260304355;;0.006203685567678489;0.009907789814547256;0.017338373907262026;0.012333390303736158;0.011898446098470805;0.01280480130758405;0.015120656833182518;0.015426428605910087;;;;0.005103336887970163;0.00481446968141377;0.14801284866719545
BEFESA SA;BFSA GR Equity;;;;;0.007542389024790704;;;;;;;;;;;;0.007542389024790704
BENEFIT SYSTEMS S.A.;BFT PW Equity;0.02703169623493225;0.031773254330891683;0.09311223456974608;0.032331053194846477;0.02178273408119447;0.024546958207239142;0.030030800118132994;0.03401537508058471;0.025059628099742035;0.02547342729754404;0.03264239891780573;0.05063126628324255;0.028887522877214655;0.04147969503538726;0.020230372025126284;0.04302961696160166;0.562058033315232
BHP Group Limited;BHP AU Equity;;;;;;;;;;;;0.00303115680497339;;;;;0.00303115680497339
BANK HANDLOWY W WARSZAWIE S.A.;BHW PW Equity;;0.0045875303109010274;;0.001960263736893015;;;;;0.010437963177558063;0.006669190379442863;;;0.014883951462045226;;;0.00004105389811482567;0.038579952964955027
PLN BOOKING HOLDINGS INC;BKNG US Equity;;;0.007191896659956221;;;;;;;;;;;;;;0.007191896659956221
BNP PARIBAS;BNP FP Equity;;;;;;0.0010384115849872695;;0.0002361864558722588;;;;;;;;;0.0012745980408595284
BNP PARIBAS BANK POLSKA S.A.;BNPPPL PW Equity;0.013925467360086998;;0.017114316962219132;0.013245114565066904;0.006015775927310284;0.008318570608850622;0.009431112977634074;0.013252314541472099;;0.00998906496894024;0.009871159377333601;0.005905588832392042;;0.011687384838953436;0.0027586870943354025;;0.12151455805459484
Berkshire Hathaway Inc.;BRK/A US Equity;;;;;;;;0.0034943433834694076;;;;;;;;;0.0034943433834694076
BOSTON SCIENTIFIC CORP;BSX US Equity;;;;;;0.0006680468568880486;;;;;;;;;;;0.0006680468568880486
CITIGROUP INC.;C US Equity;;;;;;0.0013472534857635735;;;;0.006803497106597466;;;;;;;0.008150750592361039
CaixaBank SA;CABK SM Equity;;;;;;;;0.00996837988723776;;;;;;;;;0.00996837988723776
Capgemini SE;CAP FP Equity;;;;;;;;;;;;0.01773665748418497;;;;;0.01773665748418497
INTER CARS S.A.;CAR PW Equity;0.007736480068946835;0.014199562085379025;;0.012660679765247997;0.014510212246005096;0.011063673214856549;0.014283334455168384;;;0.009041701735429728;0.005999601801178864;0.011402410077553187;0.02035507034759653;0.027173947519539734;0.004597424656040551;0.020988377766432595;0.17401247573937507
CATERPILLAR INC;CAT US Equity;;;;;;0.0018832198218329765;;0.004584229913308641;;;;;;;;;0.006467449735141617
CYBER_FOLKS S.A.;CBF PW Equity;0.010797439362173837;0.006788411537908879;;0.016995309286010598;0.012435447509818354;0.008291530962236122;0.00579883535088722;0.013451316610433453;0.015384816489236817;0.0023792681974384236;0.013862613090320544;0.02031982253684549;;0.00565000645481856;0.0111260425567929;0.03055021681356357;0.1738310767584848
COMMERZBANK AG;CBK GR Equity;;;;;;0.0032550252316094874;;;;;;;;;;;0.0032550252316094874
COEUR MINING INC;CDE US Equity;;;;;;0.0010533639389147262;;;;;;;;;;;0.0010533639389147262
CD PROJEKT S.A.;CDR PW Equity;0.031361743121603127;0.03028135955120622;0.00054462154997304627;0.020021204128003505;0.032687275169685193;0.025206362955628574;0.019075971602865678;0.02777377720401605;0.027331753877594656;0.02904488381990226;0.022447647840956333;0.006929620865661446;0.035393152078898074;0.02740544131712762;0.014383654793892673;0.02470374258689183;0.3745922124639063
CONSTELLATION ENERGY CORP;CEG US Equity;;;;;;0.000722970295356236;;;;;;;;;;;0.000722970295356236
CITIZENS FINANCIAL GROUP;CFG US Equity;;;;;;0.00054631709902271106;;;;;;;;;;;0.00054631709902271106
CHEMRING GROUP PLC;CHG LN Equity;;;;;;0.001920370558249303;;;;;;;;;;;0.001920370558249303
CIENA CORP;CIEN US Equity;;;;;;0.0005290144793337688;;;;;;;;;;;0.0005290144793337688
PLN CIRCA GROUP AS;CIRCA Equity;;;0;;;;;;;;;;;;;;0
CLEVELAND-CLIFFS INC;CLF US Equity;;;;;;0.0004451237644568984;;;;;;;;;;;0.0004451237644568984
CLEAN HARBORS INC.;CLH US Equity;;;;;;0.002508487368463918;;;;;;;;;;;0.002508487368463918
Celon Pharma S.A.;CLN PW Equity;0.0031427301882502817;0.0004434439761820087;;;0.0011575186358088094;;;;;;;0.0016240305100775496;;;;;0.006367723310318649
COMP SA;CMP PW Equity;0.002669183111413413;0.0022756697173946344;;0.0035069091039532785;;;;;;;0.00004369790418895537;;;;;;0.008495459836950281
COGNOR HOLDING S.A.;COG PW Equity;;;0.004841945008944767;;0.0010718640796903282;;;;;;;;;0.002809296043540837;;;0.008723105132175932
CONOCOPHILLIPS;COP US Equity;;;;;;0.0003471340631023438;;;;;;;;;;;0.0003471340631023438
Compremum S.A.;CPR PW Equity;;;;;;;;0.0009505821833565306;;;;;;;;;0.0009505821833565306
CYFROWY POLSAT S.A.;CPS PW Equity;;0.007686543357874814;;0.005736026110020945;;0.003805645347322576;0.005202876210187144;;0.00447293192393706;0.005367111384216425;;0.008025772907771933;0.009600218501451716;;0.000630422831945187;;0.0505275485747278
Camden Property Trust;CPT US Equity;;;;;;;;;;;;0.003007191698295616;;;;;0.003007191698295616
CRH PLC;CRH US Equity;;;;;;0.0007206941619798128;;;;;;;;;;;0.0007206941619798128
CREOTECH INSTRUMENTS S.A.;CRI PW Equity;;;;;0.007888075842672285;;;;0.005358885990712542;;0.009863100900927931;;;;;;0.023110062734312757
CREEPY JAR S.A.;CRJ PW Equity;0.002094954726229608;0.0004957162187020137;0.002702769185758354;;0.00049976011831807596;;;;;;;;;;;;0.005793200249008051
SALESFORCE, INC.;CRM US Equity;;;;;;0.0008174804274476194;;;;;0.005491769884951736;;;0.015378142947739666;;;0.02168739326013902
CrowdStrike Holdings Inc.;CRWD US Equity;;;;;;;;0.007225670908921191;;;;;;;;;0.007225670908921191
CAPSTONE COPPER CORP;CS CN Equity;;;;;;;;;;;;;;0.008030316774016866;;;0.008030316774016866
ISHARES CORE S& P 500 UCITS ETF;CSPX LN Equity;;;;;;;;;;;;;;;0.05838247369210714;;0.05838247369210714
CTP N.V.;CTPNV NA Equity;;;;;0.005258270924103801;;;;;;;0.005099679260232676;;;;;0.010357950184336477
CAPTOR THERAPEUTICS S.A.;CTX PW Equity;0.0045343015653091356;;;;0.00024333678079294242;;0.0022644858651792596;;0.008775023047933443;;;;;;;;0.01581714725921478
CHEVRON CORP;CVX US Equity;;;;;;0.0005481660687854619;;;;;;;;;;;0.0005481660687854619
DataWalk SA;DAT PW Equity;;;0.001397937306279363;;;;0.002859577843295399;0.01100159818009983;;;;;;;;0.00008016395635679028;0.015339277286031383
DATADOG INC;DDOG US Equity;;;;;;0.0011658552325736352;;;;;;;;;;;0.0011658552325736352
DEKPOL S.A.;DEK PW Equity;;0.0018482024863536992;;;;;;;;;;;;;;;0.0018482024863536992
DELL INC;DELL US Equity;;;;;0.0037973535212240345;;;;;;;;;;;;0.0037973535212240345
VINCI SA;DG FP Equity;;;;;;0.0040613002767702366;;;;;;;;;;;0.0040613002767702366
Deutsche Post AG;DHL GR Equity;;;;;;;;0.00004453007451834114;;;;;;;;;0.00004453007451834114
DIAGNOSTYKA S.A.;DIA PW Equity;0.0006563281004212818;0.00705397443938255;;0.012066849138275417;0.0045157250536059973;0.010701108891190145;0.008399032288160274;0.009364840682862631;0.0045850039639572593;0.003545762357032085;0.017939167076089766;0.006786539303819515;0.010089686350622122;0.007142042604818394;0.005247022621125225;0.016985467193047263;0.12507855006440991
DINO POLSKA S.A.;DNP PW Equity;0.04349915907029492;0.04672677855850992;;0.020804447508115356;0.02862239777042469;0.03219350288830657;0.03142840142096859;0.028527577927883407;0.03187588104907843;0.04098412021661713;0.032404272014829116;0.03934539296386396;0.034023862646223915;0.03420617810731867;0.006143230117692267;;0.4507852022601269
DO & CO AG;DOC AV Equity;;;;;0.0044100415369907575;;;;;;;;;;;;0.0044100415369907575
DOM DEVELOPMENT S.A.;DOM PW Equity;0.01021959085978855;0.005626513787762069;;0.0023474818388868166;0.008523528124043827;0.012418593299540583;0.00464829760462315;;0.0039549408617555565;0.00544154370822185;0.006685369609953971;0.007828872211647896;;0.004114777378149287;0.006184967715506522;0.005130279384448563;0.08312475638432865
DEVELIA S.A.;DVL PW Equity;0.007905077302977378;0.008758731963568396;0.00002386956481987677;;0.009928181518701247;;0.008957478372653002;;0.01749636382844846;0.005230290116144632;;0.006125264911297749;0.019694829376773737;0.011618970067036838;0.003172461637120631;0.009950754753533525;0.10886227341307547
ESOTIQ & HENDERSON S.A.;EAH PW Equity;;0.0010559833102306594;;;;;;;;;;;;;;;0.0010559833102306594
AMREST HOLDINGS SE;EAT PW Equity;;0.0000043922971479557057;;0.0016158313961333556;;;0.0022799772944697552;;;0.0019190255020518618;;0.00045311477063215394;0.00041004692715895956;;;0.000004254417535068582;0.006686642605129111
Erste Group Bank AG;EBS AV Equity;;;0.01489042901391917;;;;;0.002708857040349616;;;;;;;;;0.017599286054268788
ECHO INVESTMENT S.A.;ECH PW Equity;0.000003662990746379726;0.00041428225726741486;;0.002922137457552071;;;0.002167478256940582;;0.0012692786553260732;0.0020369681843634577;;0.002752876114692307;;0.005684517876353448;0.0023127736191174134;;0.019563975412359147
ENEA S.A.;ENA PW Equity;0.0042569341251629705;0.008397701437371237;;;0.003529546715330658;0.00350018186359926;0.008690038481227511;;0.007817987191116449;0.008795046109473053;;;;;0.0007585773525370165;;0.04574601327581815
SIEMENS ENERGY AG;ENR GR Equity;;;;;0.0038206007446673307;;;0.00428970905183342;;;;;;;;;0.008110309796500751
ENTER AIR S.A.;ENT PW Equity;0.007727668561713043;0.0035397981612091983;;0.010238513923248909;;0.0013911617030925003;;;;;;;;0.005155021172796861;;0.0017482118280563266;0.029800375350116837
EOG RESOURCES INC;EOG US Equity;;;;;;0.0004262215293913235;;;;;;;;;;;0.0004262215293913235
Equinic, Inc.;EQIX US Equity;;;;;;;;;;;;0.007904470434720876;;;;;0.007904470434720876
ERBUD S.A.;ERB PW Equity;;;;;;0.0003735658784076299;0.001212898982238192;;;;;;;;;;0.001586464860645822
EUROTEL SA;ETL PW Equity;;0.00022536633298234517;;;;;;;;;;;;;;0.000550560246656682;0.0007759265796390272
EUROCASH S.A.;EUR PW Equity;;0.0000016034893012742405;;;0.0029580531638832913;;0.003104457109991851;;0.0007107448611515932;0.0010072049687903643;;;;;;;0.007782063593118373
FABRITY S.A.;FAB PW Equity;;0.0002951374927280255;;;;;;;;;;;;;;;0.0002951374927280255
FREEPORT-MCMORAN INC;FCX US Equity;;;;;;0.0017118703772263436;;;0.010810705559668046;;;0.01055833475851083;;;;;0.02308091069540522
FEERUM S.A.;FEE PW Equity;;0.0010092674448377631;;;;;;;;;;;;;;;0.0010092674448377631
FRESNILLO PLC;FRES LN Equity;;;;;;0.001881959800798948;;;;;;;;;;;0.001881959800798948
FERRO S.A.;FRO PW Equity;0.0007873376149592055;0.0010630593898416421;;0.002936559939286376;0.00030323190419325623;0.0026524575721134486;0.001847829137612115;;;0.0006797329096079238;;;0.007375738132084941;0.0031941652119808633;0.0033283281871167025;;0.024168439998796476
FEDERAL SIGNAL CORPORATION;FSS US Equity;;;;;;0.0033657913668124173;;;;;;;;;;;0.0033657913668124173
FABRYKI MEBLI FORTE S.A.;FTE PW Equity;;0.00021161873926133102;;;0.00034646261261379145;;;;;;;;0.007646382523892861;;;;0.008204463875767983
General Electric Co.;GE US Equity;;;;;;;;0.005017042704537069;;;;;;;;;0.005017042704537069
Grenevia S.A.;GEA PW Equity;;;;;;;;;;;;;0.00020961054925617225;;;;0.00020961054925617225
GE Vernova Inc.;GEV US Equity;;;;;;;;0.002661257502740481;;;;;;;;;0.002661257502740481
SOCIETE GENERALE PARIS;GLE FP Equity;;;;;0.004767304787648069;0.0008910533873737621;;;;;;;;;;;0.005658358175021831
ALPHABET INC.;GOOGL US Equity;;;0.019443946037494935;;;0.010698065060944606;;0.01995177908671591;;;0.005783179795232823;;;0.007528113405745795;;;0.06340508338613407
GRUPA PRACUJ S.A.;GPP PW Equity;;0.002182694638234222;;0.004038594127618718;;0.0031262889096869195;0.002758371364319908;;;0.0020649231233434182;;0.0022140739189121778;;;0.0042429342871684983;;0.02062788036928386
GIEŁDA PAPIERÓW WARTOŚCIOWYCH W WARSZAWIE S.A.;GPW PW Equity;;0.0017418318438304817;;;0.0010573638248664152;0.0014990160817896697;;;;0.0024271759513000796;;;0.006380867625822773;;0.09438594704851903;;0.10749220237612846
Grenergy Renovables S.A.;GRE SM Equity;;;;;;;;0.008723533159811945;;;;;;;;;0.008723533159811945
GRODNO S.A.;GRN PW Equity;;0.0002637416831919173;;;;;;;;;;;;0.005780160994198306;;;0.006043902677390223
GREENEX METALS LTD;GRX AU Equity;;0.0005777533015360335;;;;;;;;;;;;;;;0.0005777533015360335
GLOBE TRADE CENTRE SA;GTC PW Equity;;;;;;;;;;0.00003466200071807775;;;;;;;0.00003466200071807775
Hensoldt AG;HAG GR Equity;;;;;;0.0012695019881251796;;;;;0.0018668459386223077;;;;;;0.003136347926747487
PRZEDSIEBIORSTWO HYDRAULIKI SI;HDR PW Equity;;;;;;;;;;0.00032778855039944314;;;;;;;0.00032778855039944314
HEIDELBERG MATERIALS AG;HEI GR Equity;;;;;;0.003976971068731399;;;;;;;;;;;0.003976971068731399
Thales SA;HO FP Equity;;;;;;;;;;;0.002140817356336503;;;;;;0.002140817356336503
HUUUGE INC;HUG PW Equity;;;;;0.0010861520623982031;;;;;0.00062178594753457404;;0.0024434254748176332;;;0.0009200259337530067;;0.005071389418503417
INDRA SISTEMAS SA;IDR SM Equity;;;;;;0.0008675157604717247;;;;;;;;;;;0.0008675157604717247
INDUSTRIAL MILK COMPANY S.A.;IMC PW Equity;;0.00022989737678933975;;;;;;;;;;;;;;;0.00022989737678933975
IMS S.A.;IMS PW Equity;;0.0007273238164458755;;;;;;;;;;;;;;;0.0007273238164458755
ING BANK ŚLĄSKI S.A.;ING PW Equity;0.013560379250144268;0.02075760253217725;0.000038586775791658776;0.008213409278876991;0.008614211055698663;0.016830683494778613;0.019514459644950526;0.025170568952161436;0.019892739365504595;0.017640376463468135;;0.00009721518662805807;0.019801242712135396;;0.0015460670580635735;0.008162789456237316;0.1798403312266165
ING GROEP NV;INGA NA Equity;;;0.003189197329908661;;;0.003262746224880598;;0.0019861653012038555;;;;;;;;;0.008438108855993114
INSTAL KRAKÓW S.A.;INK PW Equity;;0.0004859671330675408;;;;;;;;;;;;;;;0.0004859671330675408
INTROL S.A.;INL PW Equity;;0.0007703403097530452;;;;;;;;;;;;;;;0.0007703403097530452
INPOST S.A.;INPST NA Equity;;0.008410610713899934;;0.016646357035493293;0.0039249551578644576;0.006744151521682008;0.005628289376728045;0.003661009593386049;;;0.010235643889521064;0.0206211832263108;;0.02142138805405922;0.0016581036519295742;;0.09895169222087445
INTEL CORP;INTC US Equity;;;;;;;;0.00019362920754337605;;;;;;0.00550819458055689;;;0.005701823788100266
INGERSOLL-RAND INC;IR US Equity;;;;;;0.0005133984600800926;;;;;;;;;;;0.0005133984600800926
IREN LTD;IREN US Equity;;;;;;;;;;;;;;0.004524089738861904;;;0.004524089738861904
INTUITIVE SURGICAL INC;ISRG US Equity;;;;;;0.001309532975305233;;;;;;;;;;;0.001309532975305233
IZOBLOK S.A.;IZB PW Equity;;;;;;;;;;;;;;0.0004318107495175668;;;0.0004318107495175668
Jeronimo Martins SGPS S.A.;JMT PL Equity;;;0.008647781444920665;;;0.0015027037350033687;;;;;;0.015353377579369394;;;;;0.025503862759293425
JPMORGAN CHASE & CO;JPM US Equity;;;;;;0.003770854390984534;;0.00685592836185001;;;;;;;;;0.010626782752834543
JASTRZĘBSKA SPÓŁKA WĘGLOWA S.A.;JSW PW Equity;;0.000958030863059095;;;0.0017904354299540806;;;;;0.003808054209688094;;;;;0.000518760009923301;;0.007075280512624571
KGHM POLSKA MIEDŹ S.A.;KGH PW Equity;0.10201602374188427;0.05211696300664316;0.0004759224001009276;0.05524421505404618;0.0631107899803594;0.05597630111110343;0.05247548322383239;0.03159030385997283;0.08504634558664309;0.05580806465129729;0.04107793254839209;0.026587728044355403;0.05095970180177766;0.04406400158204102;0.03077392777603941;0.08105215122221693;0.8283758555907055
COCA-COLA CO/THE;KO US Equity;;;;;;0.001850918403327991;;0.00041132167236007086;;;;;;;;;0.0022622400756880617
KINO POLSKA TV S.A.;KPL PW Equity;;0.0010546402964533606;;;;;;;;;;;;;;;0.0010546402964533606
PLN KRKA DD NOVO MESTO;KRKG SV Equity;;;0.00029084827449771932;;;;;;;;;;;;;;0.00029084827449771932
KARMAN HOLDINGS INC;KRMN US Equity;;;;;;0.00040675429830686366;;;;;;;;;;;0.00040675429830686366
KRUK S.A.;KRU PW Equity;0.015683612628367298;0.017826958780456297;0.0040566537271423353;0.02388258213920734;0.013902957968232499;;0.019429017652186045;0.01291926752456114;0.009826613403003516;0.015195752511630547;0.01715011351922276;0.014652470477521682;0.0268691562730418;0.011760225349519882;0.005549869186471258;0.03632172685553842;0.2450269779961028
KONTRON AG;KTN GR Equity;;;;;0.0020962397466205454;;;;;;;;;;;;0.0020962397466205454
KRATOS DEFENSE & SECURITY SOLUTIONS INC;KTOS US Equity;;;;;;0.0023716368783014494;;;;;;;;;;;0.0023716368783014494
Grupa Kęty S.A.;KTY PW Equity;0.0039424354012581797;0.015258630151427148;0.000916061638976318;0.017549750787779335;0.013856983351406378;0.02183696259563389;0.01565409260782702;0.018020840827085354;0.01414861236751161;0.014970861917986058;0.009680940315265865;0.015529241500966748;0.02767535824877227;;0.003527346917201506;0.04291861398566192;0.2354867326147596
LUBAWA S.A.;LBW PW Equity;0.0027736745150339526;;;;0.007260326945953165;;;;;;;;;;;;0.010034001460987119
Leonardo SPA;LDO IM Equity;;;;;;;;;;;0.0024830063422572596;;;;;;0.0024830063422572596
Linde Plc;LIN US Equity;;;;;;;;0.0005781007784263124;;;;;;;;;0.0005781007784263124
CHENIERE ENERGY INC;LNG US Equity;;;;;;0.00053374841528918665;;;;;;;;;;;0.00053374841528918665
LPP S.A.;LPP PW Equity;0.073514790429498555;0.06279215789419334;0.073186204338169984;0.0895924209221122;0.05434486971493991;0.007921419865792635;0.06646586070109778;0.05734352840062918;0.05695662237587067;0.04979871001036814;0.061583298799697825;0.07649777465088513;0.07547224556802908;0.04861637998099762;0.034644940881424615;;0.8887312245337066
LUNDIN MINING CORP;LUN CN Equity;;;;;;0.002285210285026586;;0.012652196697291638;;;;;;;;;0.014937406982318224
LUBELSKI WĘGIEL BOGDANKA S.A.;LWB PW Equity;;0.0019249185225589996;0.00007660859146923764;;;0.0003377756058347017;;;;;;;;;;;0.002339302719862939
MASTERCARD INC.;MA US Equity;;;;;;0.0032470994301504313;;;;;;;;;;;0.0032470994301504313
MBANK S.A.;MBK PW Equity;0.017099805032964581;0.018426629474133673;0.05462714312421997;0.019628567247458908;0.00948840915173645;0.008487079383086003;0.024171726755689957;0.02327004729634863;0.022510504760554415;0.018738228498752316;0.023810944652710773;;0.01107657253753414;;0.003145356790152752;0.022766025809630284;0.27724704051497284
MO-BRUK S.A.;MBR PW Equity;;0.0027712287796867335;;;;;0.008046077257813412;;;0.0017971709954821471;0.0036982072917186093;0.002811241703016513;;0.0049296805139043426;0.002096320333498805;;0.02614992687512056
LVMH MOET HENNESSY LOUIS VUITTON SA;MC FP Equity;;;;0.006272946965343882;;0.00061491129625368936;;0.0029964868269196254;;;;;;;;;0.009884345088517197
MCI Capital ASI S.A.;MCI PW Equity;;;;;0.002676793670632051;;;;;;;;0.005083792443790555;;;;0.007760586114422605
MERCOR S.A.;MCR PW Equity;;0.001167546400537455;;;;;;;;;;;;;;;0.001167546400537455
Medicalgorithmics SA;MDG PW Equity;0.0023655184811963054;;0.018864018209128648;0.006645188190609027;;;;;;;;;;;;;0.02787472488093398
CCC S.A.;MDV PW Equity;0.01087012972556737;0.01316787515612116;0.033592042517494147;0.009710164145822434;0.00349987180790407;0.00370744800017682;0.012570210088562337;0.003893924224442179;0.01444179844244613;0.01252896672969685;0.011998067820330331;0.012994003000296916;0.005956035319564207;0.012011415433813037;;0.009066846702973147;0.17000879911521114
MERCADOLIBRE INC;MELI US Equity;;;;;;;;0.0010833727144758147;;;;;;0.0042680778100540157;;;0.00535145052452983
META PLATFORMS INC;META US Equity;;;0.0279034210222637;;;0.004988266078845312;;0.0010464053209886491;;;0.010665504436878794;0.005242000686116982;;0.013621258584266243;;;0.06346685612935968
MFO S.A.;MFO PW Equity;0.0007853964371330799;0.0009129126048275592;;;;;;;;;;;;0.006748291963990714;;;0.008446601005951353
Mangata Holding S.A.;MGT PW Equity;;;;;;;;;;;;;0.005653901933728638;;;;0.005653901933728638
BANK MILLENNIUM S.A.;MIL PW Equity;;0.020867168658434174;;0.0031516135074218005;0.008001849985122341;0.014970471815598947;;0.017239518788606518;0.0044114385395799277;0.019083860102187564;0.013375706151397297;0.0005213425381034976;0.01535178692996435;;0.0009587935927873963;0.013469190452366455;0.13140274106157026
MLP GROUP S.A.;MLG PW Equity;;0.0009686672088821144;;;0.0019671552474741483;0.0008556012277476202;;;;;;0.010214651052897736;;;0.00033835992371901595;;0.014344434660720635
MARTIN MARIETTA MATERIALS INC;MLM US Equity;;;;;;0.004961604209028994;;;;;;;;;;;0.004961604209028994
Monster Beverage Corp;MNST US Equity;;;;0.002713909557215608;;;;;;;;;;;;;0.002713909557215608
MOTOR OIL HELLAS CORINTH REFINERIES SA;MOH GA Equity;;;;;0.008017196663906857;;;;;;;;;;;;0.008017196663906857
MOL HUNGARIAN OIL & GAS PLC;MOL HB Equity;;;;;0.0006739911171926831;;;;;;;;;;;;0.0006739911171926831
PLN THE MOSAIC COMPANY;MOS US Equity;;;0.00001715608728825363;;;;;;;;;;;;;;0.00001715608728825363
MIRBUD S.A.;MRB PW Equity;0.0014218843191321348;0.004589907862873878;;0.012564922693098253;0.007564750347200921;0.003790422941197016;;0.002745110252240087;0.0008361608086250889;0.0020708027728891426;0.01407680508722525;0.00015705970090488346;;0.008608070526155129;0.002863711484748174;0.00001920513794386731;0.06130881393423383
MARVELL TECHNOLOGY INC;MRVL US Equity;;;;;;0.0007136227294775616;;;;;;;;0.006560009138897548;;;0.00727363186837511
MICROSOFT CORPORATION;MSFT US Equity;;;0.003493380357979009;;;0.005804299349497117;0.008610180088764935;0.010389497752636476;0.006606608674810771;;0.01445848236631532;0.007611824855407168;;0.011491688544972871;;;0.06846596199038367
MAGYAR TELEKOM TELECOMMUNICATIONS PLC;MTELEKOM HB Equity;;;;;0.005007555722041472;;;;;;;;;;;;0.005007555722041472
METLEN ENERGY & METALS PLC;MTLN LN Equity;;;;;0.002743331427891479;;;;;;;;;;;;0.002743331427891479
MICRON TECHNOLOGY INC.;MU US Equity;;;0.029995270080197627;;;0.0017070291756949044;;0.011286466290476511;;;;;;;;;0.04298876554636904
MURAPOL SA;MUR PW Equity;;;;;;;;;;;0.002881641723367258;;;0.007599711558786733;0.0017735952800825389;0.01118760192212954;0.023442550484366067
Münchener Rück AG;MUV2 GR Equity;;;;;;;;0.0004315354402347082;;;;;;;;;0.0004315354402347082
NEWMONT CORP;NEM US Equity;;;;;;0.0012387880625887991;;;0.0075352817465952;;;;;;;;0.008774069809184
CLOUDFLARE INC;NET US Equity;;;;;;0.0006076767224289497;;;;;;;;;;;0.0006076767224289497
NEUCA S.A.;NEU PW Equity;0.02093620365225679;0.0036659741035281657;0.0015566854487346807;0.007484877224917794;0.0007672099934139515;0.00764954409030318;0.008809908483464657;;;0.0049100398329309763;0.012618299477504644;0.0003665831720497118;;0.007251353972137593;0.007072069927591197;0.012204696697205362;0.09529344607603871
NIKE Inc;NKE US Equity;;;;0.006027281736532882;;;;;;;0.007661419908794704;;;0.0047612312213335733;;;0.01844993286666116
Nektar Therapeutics;NKTR US Equity;;;;;;;;0.009123419909595927;;;;;;;;;0.009123419909595927
PLN NOVO NORDISK A/S;NOVOB DC Equity;;;0.08391564558763111;;;;;;;;;;;0.006754295127246257;;;0.09066994071487738
SERVICENOW INC;NOW US Equity;;;;;;0.0012257932584780937;;;;;;;;;;;0.0012257932584780937
NVIDIA CORP;NVDA US Equity;;;0.02261717516525121;;;0.008019361390486026;0.010483848602765293;0.01692781947758109;;;0.01587699299310745;0.010981848794759346;;0.019289713554516985;;;0.1041967599784674
NATWEST GROUP PLC;NWG LN Equity;;;;;0.0045553871632601817;;;;;;;;;;;;0.0045553871632601817
NEWAG S.A.;NWG PW Equity;;0.007351492178193311;;;0.003231913158449016;;;;;0.000020405246587175954;0.011955162258076868;;;;;;0.022558972841306373
ORZEŁ BIAŁY S.A.;OBL PW Equity;;0.0015252972520670224;;;;;;;;;;;;;;;0.0015252972520670224
Onde S.A.;OND PW Equity;;;;;;;;;;;;;0.000781723363009006;;0.000007266288808761451;;0.0007889896518177675
On Holding AG;ONON US Equity;;;;;;;;;;;0.005275776131451331;;;;;;0.005275776131451331
ORANGE POLSKA S.A.;OPL PW Equity;;0.002268897263967606;0.0022164232715526522;0.0036680950170683363;0.006189805471157886;0.01051700272990482;0.006291541078642204;0.010522385485061216;;0.010933746991998763;;0.00033117607136359174;0.012406280623195023;;0.002887626662274705;0.00005136804206955134;0.06828434870825635
OPONEO.PL S.A.;OPN PW Equity;0.00794029635849026;0.0012425953215463813;;0.0022909288189942395;0.005195262275282011;0.0023458883411684164;;;;;;0.006037872571604869;0.013227373098738524;;0.0015546699277302728;;0.03983488671355498
ORACLE CORPORATION;ORCL US Equity;;;;;;0.00030164878516972367;;0.005529413053732012;;;;;;;;;0.005831061838901735
ONESPAWORLD HOLDINGS LTD;OSW US Equity;;;;;;0.000763427340319281;;;;;;;;;;;0.000763427340319281
OTP BANK NYRT.;OTP HB Equity;;;;;0.002131779842772585;;;;;;;;;;;;0.002131779842772585
PALFINGER AG;PAL AV Equity;;;;;;;;;;;;;;;0.00003385754471565105;;0.00003385754471565105
PALO ALTO NETWORKS, INC.;PANW US Equity;;;;;;0.00057440663797718776;;;;;;;;0.0049156228403977137;;;0.005490029478374902
PASSU SA;PAS PW Equity;;;;;;;;;;;;;;0.004038128954586325;;;0.004038128954586325
Poznańska Korporacja Budowlana Pekabex S.A.;PBX PW Equity;;0.0006040706241366675;;;;;0.003093228512953186;;;;;;0.0039892456287348904;0.002484515083757108;;;0.010171059849581852
PCF GROUP SA;PCF PW Equity;;;;;;;;;;0.0003435339549054103;;;;;;;0.0003435339549054103
PEPCO GROUP NV;PCO PW Equity;;0.006753594657838088;;0.007895923070161449;0.0136999426821846;0.0015765598501779432;0.008533276999627535;0.002662058473433163;0.007607063164731004;0.009163444456735531;0.005935431679992301;;;0.00016204663376153526;0.0017138372127187756;0.005242730521093576;0.07094590940245551
Bank Polska Kasa Opieki S.A.;PEO PW Equity;0.0582758947472578;0.06057972360557253;0.05593784493928424;0.06450158590470998;0.06677970965829613;0.07530506174691263;0.06751358879328485;0.0434472545858734;0.06245208436344343;0.061802447878414695;0.068788335870300195;0.05406867030172135;0.07181956002660087;0.05979940726786659;0.03733758537401486;0.0942363598464496;1.0026451149100032
POLENERGIA S.A.;PEP PW Equity;;;;;0.0002023662607059147;;;;;;;;;;0.0005437695044773113;;0.000746135765183226
PepsiCo Inc.;PEP US Equity;;;;;;;;0.00005602332118710514;;;;0.0014363384852410263;;;;;0.0014923618064281313
Pfizer Inc.;PFE US Equity;;;;;;;;;;;;0.011939747681624104;;;;;0.011939747681624104
Procter & Gamble Company;PG US Equity;;;;;;;;0.0007016155615101088;;;;0.005196535010672882;;;;;0.005898150572182992
PGE POLSKA GRUPA ENERGETYCZNA S.A.;PGE PW Equity;;0.008653065920583572;;0.003498726323130899;0.007489239741679244;0.005811332703867441;0.01128303242517097;0.006605495637204732;0.012693432926873849;0.013792473453602134;0.006154404433761846;0.005038865033473904;0.007483371061917126;0.003895003319858043;0.0025589917239016263;;0.0949574347050254
ORLEN S.A.;PKN PW Equity;0.07717179213348076;0.07194999255700283;0.05199878285772668;0.07711806868764191;0.06572591973469068;0.067066362450521;0.08324995080343806;0.03097640821371025;0.08982085975915393;0.08225103591259792;0.04931151348410804;0.03419167079588263;0.08768338637438179;0.05435654045256346;0.014372757774025806;0.08379360535503718;1.021038647345963
POWSZECHNA KASA OSZCZĘDNOŚCI BANK POLSKI S.A.;PKO PW Equity;0.10064531914627091;0.10248388198370668;0.05696461192501481;0.10501331358770186;0.09816269250467904;0.09397424537512302;0.10558581187264885;0.0547414981680346;0.10016541839578142;0.11657612565404373;0.08522695349919704;0.0920962052930467;0.10599692932124203;0.08812886809561045;0.17692551398209343;0.12592044035844893;1.6086078291626436
PKP CARGO SA;PKP PW Equity;;;;;;;;0.0031210192018119953;;0.0009982298216987158;;;;;;;0.004119249023510711
PLAYWAY S.A.;PLW PW Equity;0.003343714012916038;0.0013092655608152898;;0.003920782600191561;0.001067795157415606;;0.006255221032943942;;;0.00021471079912624456;;;;;;;0.01611148916340868
PORR AG;POS AV Equity;;;;;0.006199078652715644;;;;;;;;;;;;0.006199078652715644
Grupa Pracuj S.A.;PRA PW Equity;;;;;;;;0.0018107242503664014;;;;;;;;;0.0018107242503664014
POLTREG S.A.;PTG PW Equity;0.00020508574397541227;0.00052034487322719994;;;;;;;;;;;;;;;0.0007254306172026122
Publicis Groupe;PUB FP Equity;;;;;;;;;;;;0.012561015585235256;;;;;0.012561015585235256
PUMA SE.;PUM GR Equity;;;;;0.0024971680794298778;;;;;;;;;;;;0.0024971680794298778
QUANTA SERVICES INC;PWR US Equity;;;;;;0.005240768869234919;;;;;;;;;;;0.005240768869234919
Polimex-Mostostal SA;PXM PW Equity;0.0004650564397559704;;;;;;;;;;;;;;;;0.0004650564397559704
POWSZECHNY ZAKŁAD UBEZPIECZEŃ S.A.;PZU PW Equity;0.059472938601223015;0.048781966678455175;0.024461402911384047;0.05646517657577053;0.052043726238579815;0.05695541461231464;0.06188035758276262;0.0434676975381854;0.0601545499390786;0.06462913163941156;0.04709867982813788;0.034689761982926677;0.06253234399414239;0.03893380966024649;0.0883400198779042;0.08253066084025477;0.8824376385007778
QUERCUS TFI SA;QRS PW Equity;0.0031095225834268486;;;;;0.003512390317772384;;;;;;;;;;0.007510997268735151;0.014132910169934385
RAINBOW TOURS S.A.;RBW PW Equity;0.013061119715924072;0.005708395869474082;;0.008561724856134162;0.010838471210100686;0.006718707150580339;0.003478892452596774;0.007039291395611925;;0.003185147250271553;0.01077343940234784;0.0035757097875374966;;0.005701676529844386;0.00365810485767351;0.011565886120320787;0.0938665665984176
PLN READLY INTERNATIONAL AB;READ SS Equity;;;0;;;;;;;;;;;;;;0
Rheinmetall AG;RHM GR Equity;;;;;;0.006281292319580712;;0.004334255470666262;0.008964659656316321;;0.009324929853503351;;;;;;0.028905137300066643
ROCKET LAB CORP;RKLB US Equity;;;;;;0.000441072501596569;;;;;;;;0.00765618587145452;;;0.008097258373051088
Render Cube S.A.;RND PW Equity;;;;;;;;0.0014540055364820134;;;;;;;;;0.0014540055364820134
CONSTRUCTION PARTNERS INC;ROAD US Equity;;;;;;0.0039709278083853805;;;;;;;;;;;0.0039709278083853805
RTX Corp.;RTX US Equity;;;;;;;;0.0047722488180359685;;;;;;;;;0.0047722488180359685
RYVU THERAPEUTICS S.A.;RVU PW Equity;0.001737869715858232;0.00013190541600613984;0.0004937610157030012;;0.0006971130029193033;;0.001316499260216856;;;0.0010020647010826683;;;;;0.0031346642465340097;;0.00851387735832021
RAWLPLUG S.A.;RWL PW Equity;;0.0006318926969113181;;;;;;;;;;;;;;;0.0006318926969113181
SAAB AB;SAABB SS Equity;;;;;;0.0019628970088456818;;;;;;;;;;;0.0019628970088456818
SAFRAN SA;SAF FP Equity;;;;;;;;;0.011141620790201792;;;;;;;;0.011141620790201792
BANCO SANTANDER SA;SAN SM Equity;;;0.0048693804890126935;;;0.005635266661895874;;0.007406365517195295;;;;;;;;;0.017911012668103863
SAP SE;SAP GR Equity;;;;;;0.0013292695700517115;;0.0017238494946162863;;;0.010482154100652414;;;;;;0.013535273165320412
PLN K+S AG;SDF GR Equity;;;0.0004003820352153923;;;;;;;;;;;;;;0.0004003820352153923
SELENA FM S.A.;SEL PW Equity;;0.0013714941109216977;;;;;;;;;;;;;;;0.0013714941109216977
SHOPER S.A.;SHO PW Equity;0.008195903322406535;0.0011607527534460042;;0.009060458178471966;0.002627696414721816;0.007567597446627595;0.00954345852407611;0.009239839220766276;0.008710561787097169;;0.006326106303466916;0.009188297256639419;;0.013789306235293288;0.008365040714927617;;0.09377501815794071
SHOPIFY INC.;SHOP CN Equity;;;;;;0.0025880215486184144;;;;;;;;;;;0.0025880215486184144
SIEMENS AG;SIE GR Equity;;;;;;0.0041024934919956363;;;;;;;;;;;0.0041024934919956363
SNIEZKA SA;SKA PW Equity;;;;;;;;;;0.0012520619490775875;;;;;;;0.0012520619490775875
SKARBIEC HOLDING SA;SKH PW Equity;;;;;;;;;;;;;;;;0.007857726466323622;0.007857726466323622
SELVITA S.A.;SLV PW Equity;0.008833860080446805;0.0022041482842608193;0.00012203138464126349;0.0033869178402988714;0.0007940920504095711;0.0005365774222764675;0.0021139967492770548;0.000046177185119105416;;0.0008918921657261372;0.0028918777015859487;;;0.005689561928381625;0.003994977540617862;;0.03150611033304153
PLN SUPER MICRO COMPUTER INC;SMCI US Equity;;;0.005710069160785278;;;;;;;;;;;;;;0.005710069160785278
Samsung Electronics;SMSN LI Equity;;;;;;;;;;;;0.028366278512992253;;;;;0.028366278512992253
Snowflake Inc.;SNOW US Equity;;;;;;;;0.008224827307010885;;;;;;;;;0.008224827307010885
SYNEKTIK S.A.;SNT PW Equity;;0.0003514924342684545;0.0016021653028782284;;0.0018751666427993188;0.002994178030686381;;0.011430166376431632;0.0020401059753375922;0.0009165285473044796;;;;;;;0.021209803309706086
Santander Bank Polska S.A.;SPL PW Equity;0.034424762275714316;0.04000842891970507;0.045438279293712895;0.025188314299091945;0.031171935546950156;0.032749418889743414;0.032862837274936307;0.02917418925751988;0.03820111017803914;0.04432961878648062;0.027332995100653363;0.015527460430032851;0.035144101995939145;0.03717289934631191;0.014395572852818272;0.02759623204111879;0.5107181564887681
SAIPEM SPA;SPM IM Equity;;;;;;;;;;;;;;0.004913370550699057;;;0.004913370550699057
STMICROELECTRONICS NV;STMPA FP Equity;;;;;;;;;;;;;;0.006554141977760364;;;0.006554141977760364
STALPRODUKT S.A.;STP PW Equity;;;;;0.0001177193575251992;0.0002524173284562502;;;;;;;;;;;0.0003701366859814494
STALEXPORT AUTOSTRADY SA;STX PW Equity;;0.0000012729669203081603;;;;0.0000005060740218640041;;;;0.0007587417971876483;0.008458100751805188;;;;0.00164223593888076;0.0017259169566345467;0.012586774485450314
Schneider Electric SE;SU FP Equity;;;;;;;;0.004512973393159555;0.005578937856387922;;0.0049699493782389;;;;;;0.015061860627786379
SYMBOTIC INC;SYM US Equity;;;;;;0.0005309841515585475;;;;;;;;;;;0.0005309841515585475
TEN SQUARE GAMES SA;TEN PW Equity;;;;;0.0008701771480831753;;0.003907188024539526;;;0.0013913584622788672;;0.0043561335508934695;;;;0.000031250465689363037;0.0105561076514844
The TJX Companies, Inc.;TJX US Equity;;;;;;;;;;;0.00568222484522055;;;;;;0.00568222484522055
THYSSENKRUPP AG;TKA GR Equity;;;;;0.003228066815014257;;;;;;;;;;;;0.003228066815014257
TKMS AG& CO KGAA;TKMS GR Equity;;;;;0.0037438553273381914;;;;;;;;;;;;0.0037438553273381914
BANCA TRANSILVANIA SA;TLV RO Equity;;;;;0.002729444472852022;;;;;;;;;;;;0.002729444472852022
TALEX SA;TLX PW Equity;;;;;;;;;;0.0001737821589249934;;;;;;;0.0001737821589249934
TOYA S.A.;TOA PW Equity;;0.0008022412648924503;;;0.003640007726577234;0.0013592453431764034;;;;;;;;;;;0.005801494334646088
TORPOL SA;TOR PW Equity;;0.0044148805240604316;;;0.005154099208358947;;0.00262474144464641;0.008585271577285056;;0.008395781466265186;;;;0.002709653092908986;0.0019478032617772495;0.018103429115019096;0.05193565969032136
TAURON POLSKA ENERGIA S.A.;TPE PW Equity;0.019623084286521197;0.011560148154704488;;0.009755538616227025;0.01004900312721873;0.014112449006443306;0.01554172323096283;;0.01505633250611247;0.017362331193514207;0.010280161826683587;0.009472496634743336;0.014395121338389072;;0.004495044338132391;0.0001927367125831815;0.15189617097223582
TECNICAS REUNI DAS SA;TRE SM Equity;;;;;;;;;;;;;;;0.0009279453747277322;;0.0009279453747277322
PLN TOTALENERGIES SE;TTE FP Equity;;;0.0007964657973868532;;;;;;;;;;;;;;0.0007964657973868532
LIVECHAT SOFTWARE SA;TXT PW Equity;;;;;;;0.0009254122446428162;;;0.001613730252192192;;0.002708480006303171;0.007040809178920745;;;;0.012288431682058925
UBER TECHNOLOGIES INC;UBER US Equity;;;;;0.003246764962038386;0.0003663602856926149;;;;;;;;;;;0.003613125247731001
UniCredit S.p.A.;UCG IM Equity;;;;;;;;0.006567252315767175;;;;;;;;;0.006567252315767175
UNIBEP SA;UNI PW Equity;0.00533287664870942;0.0018659914694102456;;;;;;;;0.0019794676384509952;;;;;;;0.009178335756570661
UNIMOT S.A.;UNT PW Equity;;0.0006467659795456346;;;;;;;;;;;;;;;0.0006467659795456346
Urteste S.A.;URT PW Equity;0.0004557770146282142;;;;;;;;;;;;;;;;0.0004557770146282142
VISA INC.;V US Equity;;;;;;0.0018559973793204962;;0.002368585290377342;;;;;;;;;0.0042245826696978384
VIGO PHOTONICS S.A.;VGO PW Equity;;0.0010810115910553425;;0.0031248998327390565;0.0011879907799302433;0.002670268122785209;0.0042447939461726447;;;;;;;;;;0.012308964272682497
VIENNA INSURANCE GROUP AG;VIG AV Equity;;;;;0.007178673015978648;;;;;;;;;;;;0.007178673015978648
VULCAN MATERIALS CO;VMC US Equity;;;;;;0.004234544885651449;;;;;;;;;;;0.004234544885651449
Vonovia SE;VNA GR Equity;;;;;;;;;;;;0.021093824604921387;;;;;0.021093824604921387
VOTUM S.A.;VOT PW Equity;;0.0011365803015278846;;;0.0011169360263441235;;;;;;;;;;;;0.002253516327872008
VOXEL S.A.;VOX PW Equity;0.006976252958044556;0.00332221825481065;;;0.005621943280128865;;;;;0.00029173859259841953;0.007021580024106564;0.00354151080910588;;;;0.016986461143168918;0.043761705061963845
VERCOM S.A;VRC PW Equity;0.013185481048481658;0.005070646177674404;;0.0033618601751690247;0.011258316901690024;0.004063343538897102;;0.0020644343058471962;0.012722508282324814;0.0018945919178977133;0.008935516960355627;0.0002129643852222599;;0.005524790862727863;0.009873279408976426;0.00053995724809684925;0.07870769121336096
VRG S.A.;VRG PW Equity;0.005904228145208705;0.0010006994569765454;;;;;0.0006422457639971006;;;0.000008523239041488971;;;0.009324246579622522;0.007427446305756821;;;0.02430738949060318
Vertiv Holdings Co.;VRT US Equity;;;;;;;;0.005703270145653132;;;;;;;;;0.005703270145653132
SFIO N/D PLN VANGUARD FUNDS PLC SUB-FUND VANGUARD S&P 500 UCITS ETF;VUSA LN Equity;;;;;;;;;;;;;;;0.20491198089108764;;0.20491198089108764
Vestas Wind Systems A/S;VWS DC Equity;;;;;;;;;;;;0.0032621851103746;;;;;0.0032621851103746
WABTEC CORP;WAB US Equity;;;;;;0.002763666832448365;;;;;;;;;;;0.002763666832448365
WASTE CONNECTIONS INC;WCN CN Equity;;;;;;0.0023089805536661523;;;;;;;;;;;0.0023089805536661523
Western Digital Corp.;WDC US Equity;;;;;;;;0.007127556886642316;;;;;;;;;0.007127556886642316
WELLS FARGO & CO;WFC US Equity;;;;;;0.0019538045768832868;;0.006093785633891746;;;;;;;;;0.008047590210775033
Wizz Air Holdings Plc;WIZZ LN Equity;;;;;;;;;;;;0.005010053121841533;;0.006525203472865602;;;0.011535256594707135
Wielton S.A.;WLT PW Equity;;0.0005866311120339399;;;;;0.001355049684488591;;;;;0.0010580752023195995;;;;;0.002999755998842131
WASTE MANAGEMENT INC;WM US Equity;;;;;;0.001560521507927914;;0.0016861512608246312;;;;;;;;;0.0032466727687525454
WALMART INC;WMT US Equity;;;;;;0.0017949856752840612;;0.0008931868622473829;;;;;;;;;0.002688172537531444
WIRTUALNA POLSKA HOLDING S.A.;WPL PW Equity;0.004925958098700083;0.003029984114501218;0.008530574847901649;0.0047260250518902897;;0.0021263085504499615;0.005244088773944849;;0.0016487921537648498;0.002878421404369871;;0.002719776872962062;0.009099312016206222;0.004707032340916053;0.0003307386536125464;0.000001573214403768888;0.04996858609362342
Wheaton Precious Metals Corp.;WPM CN Equity;;;;;;;;0.004093038937211148;;;;;;;;;0.004093038937211148
WITTCHEN SA;WTN PW Equity;;0.0005621642837091345;;;;;;;;;;;;;0.0014009510752416326;0.0011233765527323492;0.0030864919116831163
Essential Utilities, Inc.;WTRG US Equity;;;;;;;;;;;;0.01169412365644296;;;;;0.01169412365644296
XTRACKERS DAX UCITS ETF;XDAX GR Equity;;;;;;;;;;;;;;;0.013016655190287536;;0.013016655190287536
PLN EXXON MOBIL CORP;XOM US Equity;;;0.002179281240012724;;;;;;;;;;;;;;0.002179281240012724
XTB S.A.;XTB PW Equity;0.010897027395125929;0.01838035238943726;0.03819467172152292;0.015219880962482297;0.005866088015283911;0.01790548515072704;0.02182460807424665;0.019160795812656368;0.008557658199695561;0.009430267027158901;0.017528968570617982;0.028852346226368444;;0.02211501153853458;0.026799618236175142;0.03050776049977514;0.2912405398198081
Xylem Inc.;XYL US Equity;;;;;;;;;;;;0.001698096827248454;;;;;0.001698096827248454
PLN YARA INTERNATIONAL ASA;YAR NO Equity;;;0.0004936158209536826;;;;;;;;;;;;;;0.0004936158209536826
ZABKA GROUP SA;ZAB PW Equity;0.0031730870714481196;0.021680897787480395;0.04404142077877137;0.019361939424659163;0.005797431924678407;0.02704910563976368;0.0133905227244993;0.014263900734894257;0.017948798571264;0.022383343395535173;0.015813872477996034;0.03848799056050382;0.01933732338684652;;0.0020799382292421073;0.000017805573235407347;0.26482737828081774
Zalando SE;ZAL GR Equity;;;;0.005138020259694857;;;;;;;;;;;;;0.005138020259694857
GRUPA AZOTY ZAKŁADY AZOTOWE PUŁAWY S.A.;ZAP PW Equity;;0.0005184652825646214;;;;;;;;;;;;;;;0.0005184652825646214
ZESPÓŁ ELEKTROWNI PĄTNÓW-ADAMÓW-KONIN S.A.;ZEP PW Equity;;0.0003850327552724258;;;;;;;;;;;;;;;0.0003850327552724258
Zoetis Inc.;ZTS US Equity;;;;;;;;;;;;0.006937362116835399;;;;;0.006937362116835399
ZUE S.A.;ZUE PW Equity;;0.0007981798942419432;;;;;;;;;;;;;;;0.0007981798942419432
