COMPANY;TICKER;Allianz Polska TFI S.A.;BNP Paribas TFI S.A.;ESALIENS TFI S.A.;Generali Investments TFI S.A.;Goldman Sachs TFI S.A.;Investors TFI S.A.;Millennium TFI S.A.;Nationale-Nederlanden;PFR TFI S.A.;PKO TFI S.A.;PZU TFI S.A.;Pekao TFI S.A.;Pocztylion;Santander TFI S.A.;UNIQA TFI S.A.;Vienna Life;TOTAL;Allianz Polska TFI S.A._pct;BNP Paribas TFI S.A._pct;ESALIENS TFI S.A._pct;Generali Investments TFI S.A._pct;Goldman Sachs TFI S.A._pct;Investors TFI S.A._pct;Millennium TFI S.A._pct;Nationale-Nederlanden_pct;PFR TFI S.A._pct;PKO TFI S.A._pct;PZU TFI S.A._pct;Pekao TFI S.A._pct;Pocztylion_pct;Santander TFI S.A._pct;UNIQA TFI S.A._pct;Vienna Life_pct;TOTAL_pct
11 BIT STUDIOS SA;11B PW Equity;0;0;0;-6425;0;0;0;0;0;-2610;0;0;0;0;0;2;-9033;;0;;-1;;;;;;-0.15706806282722518;;;;;;;-0.3726177708109893
AAON INC;AAON US Equity;0;0;0;0;0;-750;0;0;0;0;0;0;0;0;0;0;-750;;;;;;-1;;;;;;;;;;;-1
AB S.A.;ABE PW Equity;15714;4585;-14030;26713;2814;16186;1481;-115069.5;3833;53030;0;0;1374.1;32236;30927;4987;64780.6;;2.695473251028806;-1;;0.11838451830037865;;0.31849462365591407;-1;1.2734219269102991;0.19596756908568167;;;0.06222625753980471;;;;0.14240016702741176
AC S.A.;ACG PW Equity;0;-90;0;0;0;0;0;0;0;0;0;0;0;0;0;0;-90;;-1;;;;;;;;;;;;;;;-1
ADVANCED MICRO DEVICES INC;AMD US Equity;0;0;-2;-2132;0;-1122;0;7363.6;0;0;-55070;-6874;0;1471;0;0;-56365.4;;;-1;-1;;-0.5949098621420996;;0.8554947678559186;;;-1;-1;;0.3488261797486365;;;-0.7154030474294619
AGNICO EAGLE MINES LTD;AEM CN Equity;0;0;-1911;0;0;-95;0;15735.8;0;0;0;0;0;0;0;0;13729.8;;;-1;;;-0.033450704225352124;;;;;;;;;;;2.889865291517575
AILLERON S.A.;ALL PW Equity;0;0;0;0;0;0;0;0;0;0;0;0;0;0;0;0;0;;0;;;;;;;;;;;;;;;0
AIR LIQUIDE SA;AI FP Equity;0;0;0;0;0;-632;0;0;0;0;0;0;0;0;0;0;-632;;;;;;-0.6159844054580896;;;;;;;;;;;-0.6159844054580896
ALAMOS GOLD INC-CLASS A;AGI CN Equity;0;0;0;0;0;2178;0;0;0;0;0;0;0;0;0;0;2178;;;;;;;;;;;;;;;;;
ALBEMARLE CORP;ALB US Equity;0;0;0;0;21366;0;0;0;0;0;0;0;0;4349;0;0;25715;;;;;;;;;;;;;;;;;
ALFEN N.V.;ALFEN NA Equity;0;0;0;0;0;0;0;0;0;0;0;0;0;-14453;0;0;-14453;;;;;;;;;;;;;;-1;;;-1
ALIOR BANK S.A.;ALR PW Equity;8583;-6376;110250;7905;-72339;8632;511;136946.6;25643;227512;935034;151576;-154.7;65954;-99202;17025;1517500;0.033487446596828008;-0.14329055891408405;1.13484302624807;0.10130459298749228;-0.1642034298425813;0.10469756328307888;0.019619888654252238;0.27445933591275985;1.946042346512863;0.27815889309603257;45.69835296417575;0.5887681300156149;-0.005862854162781983;1.1534654331135559;-0.5594423735217653;;0.5243821936125279
ALLEGRO.EU SOCIETE ANONYME;ALE PW Equity;7697;17340;-3334;149944;1183894;250420;16327;809530.4;145710;1973448;1766993;971256;-23272.1;225995;343309;168741;8003998.3;0.0043222195891954307;0.06807501599802146;-0.014910554561717304;0.4105850009310068;1.62769921165009;0.6458201699526762;0.12045001844337877;0.6584707639762404;1.7178123857915898;0.3685777119937992;0.488378777798937;1.2612027222332598;-0.10224101825062181;0.9800303555941024;0.8922331232538497;;0.5073980219366672
ALLIANZ SE;ALV GR Equity;0;0;0;-971;0;227;0;7411.9;0;0;0;0;0;0;0;0;6667.9;;;;-1;;;;;;;;;;;;;6.867054582904223
ALPHABET INC.;GOOGL US Equity;0;0;4;-6738;0;-315;0;32952.3;0;0;-23535;-12475;0;-1224;0;0;-11330.7;;;0.0006555227794164953;-1;;-0.06493506493506496;;3.326233145381244;;;-0.4991516436903499;-1;;-0.3094816687737042;;;-0.12427084756834383
AMAZON.COM, INC.;AMZN US Equity;-16561;0;1;-3067;0;-1446;0;2898.4;2060;0;-2385;-4106;0;3648;0;0;-18957.6;-0.43154575776527;;0.0001638806948540683;-1;;-0.32062084257206216;;0.14208936404691364;;;-0.04641432324608353;-1;;0.8190390660080826;;;-0.14318613916365718
AMBRA SA;AMB PW Equity;0;0;0;0;0;0;0;0;0;-6000;0;0;1464.7;0;0;12228;7692.7;;;;;;;;;;-0.03557537235556396;;;0.029632907046588164;;;;0.035273971173739094
AMICA SA;AMC PW Equity;0;0;0;0;0;0;0;0;0;-1500;0;0;-3008.5;0;0;0;-4508.5;;;;;;;;;;-0.04365414277814961;;0;-0.15123685178892066;;;;-0.08284363662556526
AMREST HOLDINGS SE;EAT PW Equity;0;0;0;0;-52815;0;-9687;0;-9741;-45000;0;0;1085.3;0;0;49;-116108.7;;0;;0;-1;;-0.32023140495867764;;-1;-0.06366462043860677;;0;0.22137686406572854;;;;-0.13091126290395682
AMS AG;AMS SW Equity;0;0;0;0;0;0;0;0;0;0;0;0;0;-42385;0;0;-42385;;;;;;;;;;;;;;-1;;;-1
ANSWEAR.COM S.A.;ANR PW Equity;250000;0;310769;0;113425;0;0;0;0;384731;0;0;0;68619;0;0;1127544;;0;;;;;;;;;;;;;;;128.62696783025325
APATOR SA;APT PW Equity;0;-1300;0;0;-24114;0;0;0;0;0;0;0;0;0;0;0;-25414;;-1;;;-0.11871273919528969;;;;;0;;;;;;;-0.07869305250641734
APPLE INC.;AAPL US Equity;0;0;0;-6355;0;140;0;-23.6;0;0;-34953;0;0;0;0;0;-41191.6;;;;-1;;0.10108303249097483;;-0.01589054377979482;;;-1;;;;;;-0.9323973655761128
ARCHICOM S.A.;ARH PW Equity;0;-4191;0;0;-4750;0;0;0;0;0;178402;0;0;0;972;0;170433;;-0.19943846959170074;;;-0.02351636491457376;;;;;;0.15767708201679454;0;;;0.008407286314806139;;0.11225155814380837
ARCTIC PAPER S.A.;ATC PW Equity;0;-5105;0;0;-847;0;0;0;0;-40964;0;0;0;-10580;0;6723;-50773;;-0.17667416508046372;;;-0.021047138632805718;;;;;-0.06577719828700534;;;;-0.1747806981315977;;;-0.06747780553931215
ARLEN S.A.;ARL PW Equity;168901;0;44892;34741;117986;0;0;0;0;0;760494;0;0;0;0;0;1127014;;;;;;;;;;;;;;;;;
ARTIFEX MUNDI S.A.;ART PW Equity;0;0;0;0;0;0;0;0;0;0;0;0;0;0;0;0;0;;0;;;;;;;;;;;;;;;0
ASBISC ENTERPRISES PLC;ASB PW Equity;226817;-961;-143200;0;0;0;0;0;0;0;0;0;0;0;0;30281;112937;;-0.02355565360198053;-1;;;;;;;;;;;;;;0.6137980510551802
ASML Holding NV;ASML NA Equity;-5155;0;0;-236;0;-404;0;6146.1;0;0;-8189;0;0;58;0;0;-7779.9;-0.7764723602952252;;;-0.2779740871613663;;-1;;32.047658775680466;;;-1;;;0.08923076923076923;;;-0.4597294297981773
ASSECO BUSINESS SOLUTIONS S.A.;ABS PW Equity;0;0;0;0;-1345;0;0;0;0;-12500;0;0;0;0;0;0;-13845;;;;;-0.033473532266494077;0;;;;-0.08906178750569993;;;;;;;-0.07621506465481653
ASSECO POLAND S.A.;ACP PW Equity;137448;-5776;0;-30165;-10166;-40655;-841;244058;10592;105520;0;0;1961.6;0;-3361;8632;417247.6;;-0.3001922976976249;;-0.7006805881396483;-0.06437029063509147;-0.9002037110845401;-0.076705581904414455;15.74434483279155;1.8472270666201604;0.32638012520723535;;;0.0950961689956491;;-0.0837152535618213;;0.6121023926395539
ASSECO SOUTH EASTERN EUROPE S.A.;ASE PW Equity;0;700;0;-1859;-997;3859;0;0;-5859;0;20532;0;0;0;34000;38200;88576;;0.14909478168264112;;-0.10420987723527109;-0.017441046812679328;0.2919062027231467;;;-0.4310941063939372;0;0.0899681877535996;0;;;0.6002930842705556;;0.1926046729073572
ASTARTA HOLDING N.V.;AST PW Equity;0;0;0;0;0;0;0;0;0;0;0;0;0;0;0;0;0;;0;;;;;;;;;;;;;;;0
ASTRAZENECA PLC;AZN LN Equity;0;0;0;0;0;0;0;0;0;0;-47400;0;0;0;0;0;-47400;;;;;;;;;;;-1;;;;;;-1
AT&T Inc.;T US Equity;0;0;0;0;0;0;0;-56745.6;0;0;0;0;0;0;0;0;-56745.6;;;;;;;;-1;;;;;;;;;-1
ATAL S.A.;1AT PW Equity;-14964;0;-26949;0;-85753;0;-247;0;0;0;0;0;0;-757;35623;0;-93047;-1;0;-1;;-0.7955487934985295;;-0.09320754716981128;;;;;0;;-0.022523728763128914;0.7863276162726531;;-0.34304812045598666
ATENDE S.A.;ATD PW Equity;0;0;0;0;0;0;0;0;0;0;0;0;0;0;0;0;0;;0;;;;;;;;;;;;;;;0
AUTO PARTNER S.A.;APR PW Equity;-152261;-9036;0;-31260;388352;-2341;5969;0;-15666;41635;236949;0;-2917.7;0;190000;288;649711.3;-1;-0.1642998709020492;0;-0.16821011735964998;;-0.02263716711470398;0.18410906511211866;;-1;0.08057337043817526;0.25414795452668425;;-0.05121484093121986;;;;0.3109962510165898
AUTODESK INC;ADSK US Equity;0;0;0;0;0;-277;0;0;0;0;0;0;0;0;0;0;-277;;;;;;-1;;;;;;;;;;;-1
Abbott Laboratories;ABT US Equity;0;0;0;-3882;0;0;0;0;0;0;0;0;0;0;0;0;-3882;;;;-1;;;;;;;;;;;;;-1
Accenture PLC;ACN US Equity;0;0;0;-1232;0;0;0;0;0;0;0;0;0;0;0;0;-1232;;;;-1;;;;;;;;;;;;;-1
Adidas AG;ADS GR Equity;-7670;0;0;0;0;0;0;0;0;0;-30275;0;0;0;0;0;-37945;-1;;;;;;;;;;-1;;;;;;-1
Adobe Inc;ADBE US Equity;0;0;0;0;0;0;0;-13554.9;0;0;-13887;0;0;500;0;0;-26941.9;;;;0;;;;-1;;;-1;;;0.5192107995846313;;;-0.9126382240119888
Agora S.A.;AGO PW Equity;0;0;0;0;146382;0;28479;0;0;-10805;-6499;0;0;0;0;0;157557;;;;;;;0.9370866374913626;;;-1;-0.006994760656274135;;;;;;0.16237632945832292
Aixtron SE;AIXA GR Equity;0;0;0;0;0;0;0;0;0;0;0;50187;0;0;0;0;50187;;;;;;;;;;;;0.570903672020749;;;;;0.570903672020749
Analog Devices, Inc.;ADI US Equity;0;0;0;0;0;0;0;0;0;0;0;0;0;0;0;0;0;;;;0;;;;;;;;;;;;;0
Anglo American Plc.;AAL LN Equity;0;0;0;0;0;0;0;0;0;0;-37018;0;0;0;0;0;-37018;;;;;;;;;;;-0.12697835557232528;;;;;;-0.12697835557232528
Applied Materials Inc.;AMAT US Equity;0;0;0;0;0;0;0;-9014.5;0;0;0;0;0;0;0;0;-9014.5;;;;;;;;-0.939939773985615;;;;;;;;;-0.939939773985615
Arcelormittal SA;MT NA Equity;0;0;0;0;0;0;0;-34271.5;0;0;0;0;0;0;0;0;-34271.5;;;;;;;;-1;;;;;;;;;-1
Axon Enterprise Inc;AXON US Equity;0;0;0;0;0;0;0;0;0;0;17914;0;0;0;0;0;17914;;;;;;;;;;;;;;;;;
Axsome Therapeutics Inc.;AXSM US Equity;0;0;0;0;0;0;0;-26755.7;0;0;0;0;0;0;0;0;-26755.7;;;;;;;;-1;;;;;;;;;-1
BABCOCK INTERNATIONAL GROUP PLC;BAB LN Equity;0;0;0;0;0;20506;0;0;0;0;0;0;0;0;0;0;20506;;;;;;;;;;;;;;;;;
BAE Systems PLC;BA/ LN Equity;0;0;0;0;0;0;0;0;0;0;-321394;0;0;0;0;0;-321394;;;;;;;;;;;-0.721067037602082;;;;;;-0.721067037602082
BANCA TRANSILVANIA SA;TLV RO Equity;0;0;0;0;164325;0;0;0;0;0;0;0;0;0;0;0;164325;;;;;;;;;;;;;;;;;
BANCO SANTANDER SA;SAN SM Equity;0;0;-26800;0;0;39768;0;369554.3;0;0;0;0;0;0;0;0;382522.3;;;-0.39821693907875186;;;1.706927633273242;;7.132477433226088;;;;;;;;;2.686046784340244
BANK HANDLOWY W WARSZAWIE S.A.;BHW PW Equity;0;-6349;0;0;-52075;0;0;0;13930;-11800;0;0;1290.2;0;0;60;-54943.8;;-0.3962181727408887;;0;-1;;;;2.9606801275239104;-0.038858866572483275;;;0.049077316029007;;;;-0.13409347805687066
BANK MILLENNIUM S.A.;MIL PW Equity;-796066;14200;0;71311;-481370;-135230;0;512600.6;-37723;-436732;3704227;-24019;-20158.7;-446529;-50632;125000;1998878.9;-1;0.05353399785863999;;;-0.3987088779960938;-0.23863556151619957;;0.25715479122773633;-0.4299701370050379;-0.07608567451968229;;-0.4122159675979955;-0.10039279740447826;-1;-0.13431770732470817;;0.17027729130097423
BANK OF AMERICA CORP;BAC US Equity;0;0;0;-15679;0;-4326;0;-81789.8;0;0;0;0;0;-15294;0;0;-117088.8;;;;-1;;-0.4209809264305178;;-0.7079355712138273;;;;;;-1;;;-0.7468263382306483
BANK POLSKA KASA OPIEKI S.A.;PEO PW Equity;46233;-1372;-2000;-785;53528;2872;-2061;126803.5;27817;-134881;88936;-57347;-14.8;-19078;44927;70911;244488.7;0.10180677126341875;-0.023149866702662614;-0.020294266869609334;-0.006589882641325651;0.13619281939592543;0.021478357115079616;-0.04941142624247796;0.3291243364585688;1.0803557557868571;-0.08830596270331558;0.0774498739009879;-0.16605472708846104;-0.00026490354672659144;-0.16543244133816614;0.31313469245513147;;0.0484477199813822
BARCLAYS PLC;BARC LN Equity;0;0;0;0;316444;0;0;0;0;0;0;0;0;0;0;0;316444;;;;;;;;;;;;;;;;;
BARRICK GOLD CORP;B US Equity;-288238;0;-2233;0;0;-9600;0;0;0;0;-79316;-53470;0;-16806;0;0;-449663;-1;;-1;;;-1;;;;;-1;-1;;-1;;;-1
BARRICK MINING CORP;ABX CN Equity;0;0;0;0;0;4089;0;0;11962;0;0;0;0;0;0;0;16051;;;;;;;;;;;;;;;;;
BEFESA SA;BFSA GR Equity;0;0;0;0;91207;0;0;0;0;0;0;0;0;0;0;0;91207;;;;;;;;;;;;;;;;;
BENEFIT SYSTEMS S.A.;BFT PW Equity;4721;649;7463;1898;4445;-3923;234;6385.4;897;16815;3600;11675;932.9;3083;3935;1892;64702.3;0.5339893677185839;0.4747622531089979;3.870850622406639;1.2104591836734696;0.903822692151281;-0.11490583169795842;0.2925;0.3747029255016376;1.997772828507795;1.0054412819899548;0.09176650522559271;2.85871694417238;1.3768023968003305;1.7487237663074305;0.7805990874826423;;0.466919073194405
BHP Group Limited;BHP AU Equity;0;0;0;0;0;0;0;0;0;0;0;0;0;0;0;0;0;;;;;;;;;;;;0;;;;;0
BIO-TECHNE CORP;TECH US Equity;0;0;0;-2266;0;0;0;0;0;0;0;0;0;0;0;0;-2266;;;;-1;;;;;;;;;;;;;-1
BNP PARIBAS;BNP FP Equity;0;0;-750;0;0;-644;0;-16.1;0;0;0;0;0;0;0;0;-1410.1;;;-1;;;-0.30739856801909305;;-0.009515361187498073;;;;;;;;;-0.31086982881204595
BNP PARIBAS BANK POLSKA S.A.;BNPPPL PW Equity;33000;0;33926;13413;59507;9752;804;0;-609;72599;201462;10855;0;21044;99698;0;555451;0.21302279343889797;;2.71408;0.5413269836144967;5.92581159131647;0.4688686956103658;0.10138713745271133;;-1;0.25822985619315574;1.37142273655548;0.28133423180593;;1.3420062496014285;4.904225490678341;;0.7565329076580687
BOSTON SCIENTIFIC CORP;BSX US Equity;0;0;0;0;0;928;0;0;0;0;0;0;0;0;0;0;928;;;;;;;;;;;;;;;;;
BROADCOM INC;AVGO US Equity;0;0;0;0;0;-188;0;-3751;0;0;0;0;0;2825;0;0;-1114;;;;;;-0.249667994687915;;-0.1318523715752642;;;;;;;;;-0.03814777348038667
BUDIMEX S.A.;BDX PW Equity;49706;2840;0;904;10758;5523;1693;-1708.9;3519;12597;27641;-4852;-237.4;0;12135;1165;121682.7;;0.744429882044561;;0.32801161103047896;0.8484896285195993;0.7358113509192646;2.62888198757764;-0.036510883166754993;13.229323308270677;0.12991419495895373;0.33003785029432485;-1;-1;;404.5;;0.4674599505236428
BUMECH S.A.;BMC PW Equity;0;-1259;0;0;0;0;0;0;0;0;0;0;0;0;0;0;-1259;;-1;;;;;;;;;;;;;;;-1
Banco Bilbao Vizcaya Argentaria S.A.;BBVA SM Equity;0;0;0;0;0;0;0;67476.6;0;0;0;0;0;0;0;0;67476.6;;;;;;;;1.3345267147144085;;;;;;;;;1.3345267147144085
Banco Comercial Portugues S.A.;BCP PL Equity;0;0;0;0;0;0;0;3178803;0;0;0;0;0;0;0;0;3178803;;;;;;;;;;;;;;;;;
Berkshire Hathaway Inc.;BRK/A US Equity;0;0;0;0;0;0;0;1.9;0;0;0;0;0;0;0;0;1.9;;;;;;;;1.540983606557377;;;;;;;;;1.540983606557377
Bioceltix SA;BCX PW Equity;0;0;0;10174;20026;0;0;0;0;0;121990;0;0;0;0;0;152190;;;;;;;;;;;0.6997808703234169;;;;;;0.8730195151612496
CANADIAN PACIFIC KANSAS CITY LTD;CP CN Equity;0;0;0;0;0;-1616;0;0;0;0;0;0;0;0;0;0;-1616;;;;;;-1;;;;;;;;;;;-1
CAPITAL ONE FINANCIAL CORP;COF US Equity;0;0;0;0;0;-370;0;0;0;0;0;0;0;0;0;0;-370;;;;;;-1;;;;;;;;;;;-1
CAPSTONE COPPER CORP;CS CN Equity;0;0;0;0;0;0;0;0;0;0;0;0;0;90208;0;0;90208;;;;;;;;;;;;;;;;;
CAPTOR THERAPEUTICS S.A.;CTX PW Equity;-11360;0;-1147;0;607;0;-1517;-27826.6;22977;0;0;0;0;0;0;0;-18266.6;-0.09291597484070968;;-1;;0.13512911843276942;;-0.2852576156449793;-1;;;;;;;;;-0.11342594202452194
CARNIVAL CORP;CCL US Equity;0;0;0;0;0;-2386;0;0;0;0;0;0;0;0;0;0;-2386;;;;;;-1;;;;;;;;;;;-1
CATERPILLAR INC;CAT US Equity;0;0;0;0;0;-288;0;5380.4;0;0;0;0;0;0;0;0;5092.4;;;;;;-0.3983402489626556;;;;;;;;;;;7.043430152143845
CCC S.A.;MDV PW Equity;73558;11077;90680;4274;-103336;-15247;2899;-332437.9;12660;112606;345206;12811;-10438;27936;-76481;11700;167467.1;0.8504404929821723;0.8239976195789632;10.363428571428572;0.1626579388034708;-0.7006495531779288;-0.5064775445123571;0.2957257982250332;-0.8085722239173658;1.2528451261751607;0.3030994710846131;2.955379004503193;0.12099203838198758;-0.5171738071632388;2.1088548350569943;-1;;0.11567664694168744
CD PROJEKT S.A.;CDR PW Equity;-20559;5085;-600;12408;14335;10208;741;-57444.8;7822;141216;-8864;-10221;-66;36382;2887;15820;149149.2;-0.08232820759250359;0.222071796663464;-0.4285714285714286;0.6581795035009547;0.075330012191533235;0.25571142284569138;0.08396600566572232;-0.1709513225154533;0.57688620104727484;0.3396722005474548;-0.020245115728792173;-0.24549646923187783;-0.002291391381452179;3.5498097375353694;0.04339330537644104;;0.07923801747480885
CF Industries Holdings Inc;CF US Equity;0;0;-1210;-1864;0;0;0;0;0;0;0;0;0;0;0;0;-3074;;;-1;-1;;;;;;;;;;;;;-1
CHEMRING GROUP PLC;CHG LN Equity;0;0;0;0;0;40107;0;0;0;0;0;0;0;0;0;0;40107;;;;;;;;;;;;;;;;;
CHENIERE ENERGY INC;LNG US Equity;0;0;0;0;0;-1481;0;0;0;0;0;0;0;0;0;0;-1481;;;;;;-0.8009734991887507;;;;;;;;;;;-0.8009734991887507
CHEVRON CORP;CVX US Equity;0;0;0;0;0;480;0;0;0;0;0;0;0;0;0;0;480;;;;;;;;;;;;;;;;;
CHEWY INC;CHWY US Equity;0;0;0;0;0;-2949;0;0;0;0;0;0;0;0;0;0;-2949;;;;;;-1;;;;;;;;;;;-1
CIENA CORP;CIEN US Equity;0;0;0;0;0;296;0;0;0;0;0;0;0;0;0;0;296;;;;;;;;;;;;;;;;;
CITIGROUP GLOBAL MARKETS LUXEMBURG;C US Equity;0;0;0;0;0;1533;0;0;0;0;0;0;0;0;0;0;1533;;;;;;;;;;0;;;;;;;0.19162499999999994
CITIZENS FINANCIAL GROUP;CFG US Equity;0;0;0;0;0;1236;0;0;0;0;0;0;0;0;0;0;1236;;;;;;;;;;;;;;;;;
CLEAN HARBORS INC.;CLH US Equity;0;0;0;0;0;-399;0;0;0;0;0;0;0;0;0;0;-399;;;;;;-0.22093023255813947;;;;;;;;;;;-0.22093023255813947
CLEVELAND-CLIFFS INC;CLF US Equity;0;0;0;0;0;4427;0;0;0;0;0;0;0;0;0;0;4427;;;;;;;;;;;;;;;;;
CLOUDFLARE INC;NET US Equity;0;0;0;0;0;-124;0;0;0;0;0;0;0;0;0;0;-124;;;;;;-0.23396226415094333;;;;;;;;;;;-0.23396226415094333
COCA-COLA CO/THE;KO US Equity;0;0;0;-11933;0;-3458;0;-594.8;0;0;0;0;0;0;0;0;-15985.8;;;;-1;;-0.4953445065176909;;-0.13070459180085791;;;;;;;;;-0.6812695825903741
COEUR MINING INC;CDE US Equity;0;0;0;0;0;7766;0;0;0;0;0;0;0;0;0;0;7766;;;;;;;;;;;;;;;;;
COGNOR HOLDING S.A.;COG PW Equity;0;0;334782;0;-6587;0;0;0;0;0;0;0;0;225000;0;0;553195;;;;;-0.020428860300958918;;;;;;;;;;;;1.715673808135568
COMMERZBANK AG;CBK GR Equity;0;0;0;0;-51230;10218;0;0;0;0;0;0;0;0;0;0;-41012;;;;;-1;;;;;;;;;;;;-0.8005465547530744
COMP SA;CMP PW Equity;79668;6872;0;22366;0;0;0;0;0;0;3411;0;0;0;0;0;112317;;4;;;;;;;;;;;;;;;65.37660069848661
CONOCOPHILLIPS;COP US Equity;0;0;0;0;0;-1645;0;0;0;0;0;0;0;0;0;0;-1645;;;;;;-0.7697707065980346;;;;;;;;;;;-0.7697707065980346
CONSTELLATION ENERGY CORP;CEG US Equity;0;0;0;0;0;270;0;0;0;0;0;0;0;0;0;0;270;;;;;;;;;;;;;;;;;
CONSTRUCTION PARTNERS INC;ROAD US Equity;0;0;0;0;0;-1467;0;0;0;0;0;0;0;0;0;0;-1467;;;;;;-0.2335243553008596;;;;;;;;;;;-0.2335243553008596
CREEPY JAR S.A.;CRJ PW Equity;0;0;-95;0;-45;0;0;0;0;0;0;0;0;0;-2429;0;-2569;0;0;-0.038198632891033424;;-0.023316062176165775;;;;;;;;;;-1;;-0.1571734475374732
CREOTECH INSTRUMENTS S.A.;CRI PW Equity;0;0;0;0;10553;0;0;0;1057;0;28222;0;0;0;0;0;39832;;;;;0.5163168452468321;;;;0.6715374841168995;;0.31333407349839003;;;;;;0.35537949555240324
CRH PLC;CRH US Equity;0;0;0;0;0;764;0;0;0;0;0;0;0;0;0;0;764;;;;;;;;;;;;;;;;;
CROCS INC;CROX US Equity;0;0;0;0;0;-829;0;0;0;0;0;0;0;0;0;0;-829;;;;;;-1;;;;;;;;;;;-1
CSX CORP;CSX US Equity;0;0;0;0;0;-3173;0;0;0;0;0;0;0;0;0;0;-3173;;;;;;-1;;;;;;;;;;;-1
CTP N.V.;CTPNV NA Equity;0;0;-8;0;82930;0;0;0;0;0;0;-23158;0;0;-29003;0;30761;;;-1;;3.674346477625166;;;;;;;-0.23813343205001647;;;-1;;0.20668686882260843
CYBER_FOLKS S.A.;CBF PW Equity;-14769;-1548;0;3867;-5948;9158;81;157847.6;8441;53376;177131;4696;0;-2478;8032;22888;420774.6;-0.13793650941898361;-0.17418701474063237;;0.14228943592007948;-0.06130441952506594;0.9037797295963684;0.024390243902439046;;1.4968966128746231;;1.3339182167331876;0.0455625952050609;;-0.1805464480874317;0.2666135563964682;;0.7807157674038892
CYFROWY POLSAT S.A.;CPS PW Equity;-585089;15137;0;60459;-777206;37609;4421;-384681.4;34416;687212;0;207229;41809.4;-210840;11000;0;-858524;-1;0.12092283849527474;;0.5191529920915017;-1;0.3361067419746908;0.09382626965767527;-1;0.9916726696441435;0.5106155960916892;;0.4051675090182123;0.3727267321597334;-1;0.1594202898550725;;-0.1937251864652709
CaixaBank SA;CABK SM Equity;0;0;0;0;0;0;0;546765.7;0;0;0;0;0;0;0;0;546765.7;;;;;;;;;;;;;;;;;
Camden Property Trust;CPT US Equity;0;0;0;0;0;0;0;0;0;0;0;0;0;0;0;0;0;;;;;;;;;;;;0;;;;;0
Capgemini SE;CAP FP Equity;0;0;0;-1839;0;0;0;0;0;0;0;32017;0;0;0;0;30178;;;;-1;;;;;;;;;;;;;16.4100054377379
Captor Therapeutics S.A.;CTX Equity;-29330;0;0;0;0;0;0;0;0;0;0;0;0;0;0;0;-29330;-1;;;;;;;;;;;;;;;;-1
Celon Pharma S.A.;CLN PW Equity;77977;0;0;0;42816;0;0;0;0;0;0;0;0;0;0;0;120793;0.4019847406949171;0;;;0.9956977744703612;;;;;;;0;;;;;0.3671296577715641
Cie Financiere Richemont SA;CFR SW Equity;0;0;0;0;0;0;0;0;0;0;-25960;0;0;0;0;0;-25960;;;;;;;;;;;-1;;;;;;-1
Compremum S.A.;CPR PW Equity;0;0;0;0;0;0;0;-561749.2;0;0;0;0;0;0;0;0;-561749.2;;;;;;;;-0.2209269377077957;;;;;;;;;-0.2209269377077957
CrowdStrike Holdings Inc.;CRWD US Equity;0;0;0;0;0;0;0;2752.8;0;0;0;0;0;0;0;0;2752.8;;;;;;;;0.3616758788589058;;;;;;;;;0.3616758788589058
DATADOG INC;DDOG US Equity;0;0;0;0;0;331;0;0;0;0;0;0;0;0;0;0;331;;;;;;0.4137500000000001;;;;;;;;;;;0.4137500000000001
DEERE & COMPANY;DE US Equity;0;0;0;-1018;0;-201;0;0;0;0;0;0;0;0;0;0;-1219;;;;-1;;-1;;;;;;;;;;;-1
DEKPOL S.A.;DEK PW Equity;0;-74;0;0;0;0;0;0;0;0;0;0;0;0;0;0;-74;;-0.01529557668458037;;;;;;;;;;;;;;;-0.01529557668458037
DELKO S.A.;DEL PW Equity;0;-4490;0;0;0;0;0;0;0;0;0;0;0;0;0;0;-4490;;-1;;;;;;;;;;;;;;;-1
DELL INC;DELL US Equity;0;0;0;0;12463;0;0;0;0;0;0;0;0;0;0;0;12463;;;;;;;;;;;;;;;;;
DEVELIA S.A.;DVL PW Equity;-593735;-18800;-127598;0;120911;0;31937;0;321094;993964;0;717958;1006.1;170653;1020154;181744;2819288.1;-0.26492248451140366;-0.07530693584890546;-0.9922238292975007;;0.073202287529862575;;0.33207174421627236;;4.6354646378610926;0.5325236965555078;;9.706201246468115;0.0022108912786764634;0.4340106815869787;;;0.3901940193926041
DIAGNOSTYKA S.A.;DIA PW Equity;6759;9187;0;26553;39842;29993;5936;132386.8;5055;95826;483147;43358;11545.9;17127;62352;15330;984397.7;;;;;;;;;;;;;;;;;
DINO POLSKA S.A.;DNP PW Equity;1699264;232620;0;163443;929963;335694;82118;61296.5;138303;4309039;3315935;962460;-24921.6;314746;137050;0;12657009.8;11.087748603643577;12.212946920774925;;6.316149476368977;8.130966224546003;8.963073719061223;8.432737728486343;0.038156504910869415;19.67325746799431;15.87532328777217;11.310506083438788;12.488775854462408;-0.13403618847955789;12.859372446478183;7.034337627675409;;4.4492006816998327
DO & CO AG;DOC AV Equity;0;0;0;0;2039;0;0;0;0;0;0;0;0;0;0;0;2039;;;;;0.3666606725409098;;;;;;;;;;;;0.3666606725409098
DOM DEVELOPMENT S.A.;DOM PW Equity;3784;-106;0;3464;4554;4380;35;0;430;98607;15357;33541;0;-841;6856;3105;173166;0.05665433965654065;-0.021115537848605537;;;0.09926759089720116;0.2310004746585095;0.016143911439114422;;0.1724137931034482;9860.700000000001;0.1457228258291028;;;-0.1127648163046393;0.3730953417501088;;0.63538062442439426
DUTCH BROS INC;BROS US Equity;0;0;0;0;0;-1163;0;0;0;0;0;0;0;0;0;0;-1163;;;;;;-1;;;;;;;;;;;-1
Daimler AG;MBG GR Equity;0;0;0;0;0;0;0;0;0;0;-23480;0;0;0;0;0;-23480;;;;;;;;;;;-1;;;;;;-1
Danaher Corp;DHR US Equity;0;0;0;-1282;0;0;0;0;0;0;0;0;0;0;0;0;-1282;;;;-1;;;;;;;;;;;;;-1
DataWalk SA;DAT PW Equity;0;0;0;0;0;0;-2368;103191.9;0;0;-55818;0;0;0;0;120;45125.9;;;0;;;;-0.413986013986014;0.6667905365478504;;;-1;;;;;;0.2041000796165775
Deutsche Post AG;DHL GR Equity;0;0;0;0;0;0;0;-8;0;0;0;0;0;0;0;0;-8;;;;;;;;-0.014524433203866094;;;;;;;;;-0.014524433203866094
DexCom Inc;DXCM US Equity;0;0;0;0;0;0;0;0;0;0;-78336;0;0;0;0;0;-78336;;;;;;;;;;;-1;;;;;;-1
ECHO INVESTMENT S.A.;ECH PW Equity;1358;0;0;-29458;0;0;-992;0;21203;0;0;0;0;-73469;2100;0;-79258;;0;;-0.11289055464220155;;;-0.017670425194606265;;0.7267523564695801;0;;0;;-0.13021500745285907;0.003962271626927638;;-0.019450527148109242
ELF BEAUTY INC;ELF US Equity;0;0;0;0;0;-1456;0;0;0;0;0;0;0;0;0;0;-1456;;;;;;-1;;;;;;;;;;;-1
ENEA S.A.;ENA PW Equity;384827;74569;-379500;0;-318285;-15168;330;0;75663;433273;0;0;0;0;79000;0;334709;;3.4781939456131346;-1;;-0.5379634512412785;-0.1497556400256701;0.006158669727338806;;;0.26207666204944257;;;;;;;0.11950969137907341
ENPHASE ENERGY INC;ENPH US Equity;0;0;0;0;0;0;0;0;0;0;0;0;0;-4957;0;0;-4957;;;;;;;;;;;;;;-1;;;-1
ENTER AIR S.A.;ENT PW Equity;-59090;-900;0;26717;0;0;0;0;-6795;0;0;0;0;-5220;0;4620;-40668;-0.20228680976344528;-0.06250434057920684;;0.6806532151227962;;0;;;-1;;;;;-0.12603520293599246;;;-0.1003182120920595
EOG RESOURCES INC;EOG US Equity;0;0;0;0;0;-2014;0;0;0;0;0;0;0;0;0;0;-2014;;;;;;-0.7891849529780565;;;;;;;;;;;-0.7891849529780565
ERBUD S.A.;ERB PW Equity;0;-7286;0;0;0;0;698;0;0;0;0;0;0;0;0;0;-6588;;-1;;;;0;0.1551111111111112;;;;;;;;;;-0.3632754342431762
ESOTIQ & HENDERSON S.A.;EAH PW Equity;0;-163;0;0;0;0;0;0;0;0;0;0;0;0;0;0;-163;;-0.022228283103777446;;;;;;;;;;;;;;;-0.022228283103777446
EUROCASH S.A.;EUR PW Equity;0;-17894;0;0;712352;0;9164;0;10384;-84592;0;0;0;0;0;0;629414;;-0.9968246894323435;;;;;0.1806711091833919;;0.9436568520537986;-0.10221931136820073;;;;;;;0.6937747938507393
EUROTEL SA;ETL PW Equity;0;0;0;0;0;0;0;0;0;-83166;0;0;0;0;0;2900;-80266;;0;;;;;;;;-1;;;;;;;-0.9456520458535091
Eaton Corporation Plc;ETN US Equity;0;0;0;0;0;0;0;-3306.6;0;0;0;0;0;0;0;0;-3306.6;;;;;;;;-1;;;;;;;;;-1
Equinic, Inc.;EQIX US Equity;0;0;0;0;0;0;0;0;0;0;0;3122;0;0;0;0;3122;;;;;;;;;;;;;;;;;
Erste Group Bank AG;EBS AV Equity;0;0;-10300;0;0;0;0;15070.1;0;0;-35347;0;0;0;0;0;-30576.9;;;-0.45941123996431756;;;;;;;;-1;;;;;;-0.52931500683781394
Essential Utilities, Inc.;WTRG US Equity;0;0;0;0;0;0;0;0;0;0;0;92461;0;0;0;0;92461;;;;;;;;;;;;;;;;;
FABRITY S.A.;FAB PW Equity;0;0;0;0;0;0;0;0;0;0;0;0;0;0;0;0;0;;0;;;;;;;;;;;;;;;0
FABRYKI MEBLI FORTE S.A.;FTE PW Equity;0;0;0;0;-570;-4683;0;0;-7298;0;0;0;5728.2;0;0;0;-6822.8;;0;;;-0.02508913244420974;-1;;;-1;;;;0.09932412480326192;;;;-0.07229914434725249
FEDERAL SIGNAL CORPORATION;FSS US Equity;0;0;0;0;0;-1930;0;0;0;0;0;0;0;0;0;0;-1930;;;;;;-0.3201725282017252;;;;;;;;;;;-0.3201725282017252
FEDEX CORP;FDX US Equity;0;0;0;0;0;-540;0;0;0;0;0;0;0;0;0;0;-540;;;;;;-1;;;;;;;;;;;-1
FEERUM S.A.;FEE PW Equity;0;0;0;0;0;0;0;0;0;0;0;0;0;0;0;0;0;;0;;;;;;;;;;;;;;;0
FERRO S.A.;FRO PW Equity;-22510;0;0;0;-4334;-150;87;0;-12022;-4643;0;0;18920.5;-5850;3151;0;-27350.5;-0.31020891902320713;0;;0;-0.20786570743405274;-0.003257753453218659;0.01090909090909098;;-1;-0.039331791574542363;;;0.57017752164023406;-0.11009485094850946;0.026213115708735746;;-0.05136562942093493
FIFTH THIRD BANCORP;FITB US Equity;0;0;0;0;0;-2198;0;0;0;0;0;0;0;0;0;0;-2198;;;;;;-1;;;;;;;;;;;-1
FORVIA SE;FRVIA FP Equity;0;0;0;0;0;0;0;0;0;0;0;0;0;-22443;0;0;-22443;;;;;;;;;;;;;;-1;;;-1
FREEPORT-MCMORAN INC;FCX US Equity;0;0;0;0;0;-573;0;0;11032;0;0;62436;0;0;0;0;72895;;;;;;-0.1142800159553251;;;;;;;;;;;14.538292780215397
FRESHPET INC;FRPT US Equity;0;0;0;0;0;-415;0;0;0;0;0;0;0;0;0;0;-415;;;;;;-1;;;;;;;;;;;-1
FRESNILLO PLC;FRES LN Equity;0;0;0;0;0;5443;0;0;0;0;0;0;0;0;0;0;5443;;;;;;;;;;;;;;;;;
GE Vernova Inc.;GEV US Equity;0;0;0;0;0;0;0;2737.8;0;0;0;0;0;0;0;0;2737.8;;;;;;;;;;;;;;;;;
GIEŁDA PAPIERÓW WARTOŚCIOWYCH W WARSZAWIE S.A.;GPW PW Equity;0;0;0;0;-38655;-94;0;0;0;-12666;0;0;-4814.3;0;0;0;-56229.3;;0;;;-0.9564044832619936;-0.008432762178164577;;;;-0.0683787446081422;;;-0.20039785860659588;;;;-0.21076342052233787
GIEŁDA PRAW MAJĄTKOWYCH VINDEXUS S.A.;VIN PW Equity;0;-11069;0;0;0;0;0;0;0;0;0;0;0;0;0;0;-11069;;-1;;;;;;;;;;;;;;;-1
GLOBE TRADE CENTRE SA;GTC PW Equity;0;0;0;0;0;0;0;0;0;0;0;0;0;0;0;0;0;;;;;;;;;;0;;;;;;;0
GREENEX METALS LTD;GRX AU Equity;0;0;0;0;0;0;0;0;0;0;0;0;0;0;0;0;0;;0;;;;;;;;;;;;;;;0
GRODNO S.A.;GRN PW Equity;0;-3739;0;0;0;0;0;0;0;0;0;0;0;118009;0;0;114270;;-0.4183730558352915;;;;;;;;;;;;1.2862296725814187;;;1.1349257585539058
GRUPA AZOTY S.A.;ATT PW Equity;-79345;20600;-18250;0;-587;0;0;0;0;-17311;0;0;0;-10800;0;0;-105693;-1;1.307687424617533;-1;;-0.00920582146665827;;;;;-0.04404218239177727;;;;-1;;;-0.18192599579666314
GRUPA AZOTY ZAKŁADY AZOTOWE PUŁAWY S.A.;ZAP PW Equity;0;0;0;0;0;0;0;0;0;0;0;0;0;0;0;0;0;;0;;;;;;;;;;;;;;;0
GRUPA KĘTY S.A.;KTY PW Equity;-27821;-564;-150;361;8080;486;-42;6799.8;1047;3013;25220;6821;60;-3020;4116;7251;31657.7;-0.7854380169955675;-0.13165266106442575;-0.29702970297029708;0.05256260920209677;0.5457247062001891;0.044298605414273995;-0.019876952200662545;0.16630246011235084;0.5589962626801923;0.04143061437764706;1.0692330521049729;0.5804612373415028;0.010217522813056545;-1;1.0911983032873809;;0.13276391172839809
GRUPA PRACUJ S.A.;GPP PW Equity;-13297;8246;0;-1087;0;-140;1041;0;0;1102;0;-34474;0;0;-50132;0;-88741;-1;3.6600088770528185;;-0.032056386210150722;;-0.004307427235247019;0.1690209449585971;;;0.005375478646862275;;-0.3975460405687466;;;-0.31444915573174093;;-0.16455764273925865
GRUPA SA;ATG PW Equity;0;-24118;0;0;0;0;0;0;0;0;0;0;0;0;0;102064;77946;;-0.3057245715444681;;;;;;;;0;;;;;;;0.022304953985623266
General Electric Co.;GE US Equity;0;0;0;0;0;0;0;10951.2;0;0;0;0;0;0;0;0;10951.2;;;;;;;;;;;;;;;;;
Goldman Sachs Group Inc;GS US Equity;0;0;0;-1141;0;0;0;0;0;0;0;0;0;0;0;0;-1141;;;;-1;;;;;;;;;;;;;-1
Grenergy Renovables S.A.;GRE SM Equity;0;0;0;0;0;0;0;5100.9;0;0;0;0;0;0;0;0;5100.9;;;;;;;;0.0963427019208667;;;;;;;;;0.0963427019208667
Grenevia S.A.;GEA PW Equity;0;-42145;-288250;0;-1105749;0;0;-7977.6;0;-1984091;-7129371;-336627;-302.4;0;0;0;-10894512.9;;-1;-1;;-1;;;-1;;-1;-1;-1;-0.02332777854927548;;;;-0.9988393481307017
Grupa Pracuj S.A.;PRA PW Equity;0;0;0;0;0;0;0;1038217;0;0;0;0;0;0;0;0;1038217;;;;;;;;0.3530124006275057;;;;;;;;;0.3530124006275057
HEIDELBERG MATERIALS AG;HEI GR Equity;0;0;0;0;0;2021;0;0;0;0;0;0;0;0;0;0;2021;;;;;;;;;;;;;;;;;
HUNTINGTON BANCSHARES INC;HBAN US Equity;0;0;0;0;0;-5504;0;0;0;0;0;0;0;0;0;0;-5504;;;;;;-1;;;;;;;;;;;-1
HUUUGE INC.;HUG PW Equity;0;-10998;-102915;0;16483;0;0;0;0;-97996;0;-353435;0;-68628;18258;0;-599231;;-1;-1;;0.31648170193156954;;;;;-0.4490573992099933;;-0.7598693687301935;;-1;;;-0.6527748577030965
Hensoldt AG;HAG GR Equity;0;0;0;0;0;1960;0;0;0;0;27696;0;0;0;0;0;29656;;;;;;;;;;;;;;;;;
IMS S.A.;IMS PW Equity;0;-42021;0;0;0;0;0;0;0;0;0;0;0;0;0;0;-42021;;-0.39720019282939326;;;;;;;;;;;;;;;-0.39720019282939326
INDRA SISTEMAS SA;IDR SM Equity;0;0;0;0;0;2022;0;0;0;0;-259256;0;0;0;0;0;-257234;;;;;;;;;;;-1;;;;;;-0.9922007590952572
INDUSTRIAL MILK COMPANY S.A.;IMC PW Equity;0;0;0;0;0;0;0;0;0;0;0;0;0;0;0;0;0;;0;;;;;;;;;;;;;;;0
ING BANK ŚLĄSKI S.A.;ING PW Equity;69926;544;-4950;-675;-211;2327;67;77272.7;6137;205022;0;0;-300.8;-20641;18946;3689;357152.9;;0.041868698529977655;-0.9919839679358718;-0.06940874035989719;-0.005513745165673711;0.10927960927960934;0.009796753911390566;0.7658294105794977;1.2666666666666666;6.084280499747753;;0;-0.02582652610900371;-1;2.852883601867189;;1.309251858479351
ING GROEP NV;INGA NA Equity;0;0;-11350;0;0;15390;0;47392.4;0;0;0;0;0;0;0;0;51432.4;;;-0.50500556173526135;;;;;;;;;;;;;;2.2884249165739715
INGERSOLL-RAND INC;IR US Equity;0;0;0;0;0;-3908;0;0;0;0;0;0;0;0;0;0;-3908;;;;;;-0.8215261719571158;;;;;;;;;;;-0.8215261719571158
INPOST S.A.;INPST NA Equity;0;-5886;0;89396;-75810;17329;3860;-190580.8;-11526;0;551109;310555;0;152564;58022;0;899032.2;;-0.12173984984177544;;1.6994791072582794;-0.36090891346469704;0.30973957495486793;0.333910034602076;-0.48753405375053326;-1;;1.0648605617719178;1.551541524488032;;3.275873915657477;;;0.581816214456645
INSTAL KRAKÓW S.A.;INK PW Equity;0;0;0;0;0;0;0;0;0;0;0;0;0;0;0;0;0;;0;;;;;;;;;;;;;;;0
INTEL CORP;INTC US Equity;0;0;0;0;0;0;0;3528.2;0;0;0;0;0;-9484;0;0;-5955.8;;;;;;;;;;;;;;-0.36012910575280046;;;-0.22615568634896533
INTER CARS S.A.;CAR PW Equity;-36691;384;0;-720;31350;620;286;-12618.4;-2291;525;25622;-5080;370.4;7680;6579;5774;21790.1;-0.60172854893728676;0.07310108509423197;;-0.07815892314372553;4.085755245666623;0.07019927536231885;0.1024722321748477;-1;-1;0.007098623543092097;1.0842537345012909;-0.18618288436870078;0.05504701672630441;0.6303866042846589;2.0585106382978725;;0.08490895821658718
INTROL S.A.;INL PW Equity;0;0;0;0;0;0;0;0;0;0;0;0;0;0;0;0;0;;0;;;;;;;;;;;;;;;0
INTUITIVE SURGICAL INC;ISRG US Equity;0;0;-126;0;0;-271;0;0;0;0;-18908;0;0;0;0;0;-19305;;;-1;;;-0.47048611111111114;;;;;-1;;;;;;-0.9844467108618052
IREN LTD;IREN US Equity;0;0;0;0;0;0;0;0;0;0;0;0;0;13479;0;0;13479;;;;;;;;;;;;;;;;;
IZOBLOK S.A.;IZB PW Equity;0;0;0;0;0;0;0;0;0;0;0;0;0;0;0;0;0;;;;;;;;;;;;;;0;;;0
Infineon Technologies AG;IFX GR Equity;-54698;0;0;0;0;0;0;0;0;0;0;0;0;0;0;0;-54698;-1;;;;;;;;;;;;;;;;-1
Insulet Corp.;PODD US Equity;0;0;0;0;0;0;0;-137.9;0;0;0;0;0;0;0;0;-137.9;;;;;;;;-1;;;;;;;;;-1
Intra-Celluar Therapies Inc.;ITCI US Equity;0;0;0;0;0;0;0;0;0;0;0;0;0;0;0;0;0;;;;;;;;;;;;;;;;;
JASTRZĘBSKA SPÓŁKA WĘGLOWA S.A.;JSW PW Equity;0;-2602;-70550;0;115439;0;-11149;0;0;383012;0;0;0;-49315;60069;0;424904;;-0.22201365187713307;-1;;;;-1;;;1.0378153992889966;;;;-1;;;0.8302311494949099
JERONIMO MARTINS SGPS S.A.;JMT PL Equity;0;0;-2950;-12666;0;-2784;0;0;0;0;-472480;0;0;0;0;0;-490880;;;-0.07622739018087854;-1;;-0.2489938288167427;;;;;-1;0;;;;;-0.6718962371456455
JPMORGAN CHASE & CO;JPM US Equity;0;0;0;0;0;-739;0;1106.3;0;0;0;0;0;0;0;0;367.3;;;;;;-0.3221447253705318;;0.08380992064243653;;;;;;;;;0.02370439693424764
JUMBO SA;BELA GA Equity;0;0;0;0;-18559;0;0;0;0;0;0;0;0;0;0;0;-18559;;;;;-1;;;;;;;;;;;;-1
Janux Therapeutics Inc.;JANX US Equity;0;0;0;0;0;0;0;-41972.4;0;0;0;0;0;0;0;0;-41972.4;;;;;;;;-1;;;;;;;;;-1
Johnson & Johnson;JNJ US Equity;0;0;0;-3620;0;0;0;0;0;0;0;0;0;0;0;0;-3620;;;;-1;;;;;;;;;;;;;-1
KARMAN HOLDINGS INC;KRMN US Equity;0;0;0;0;0;727;0;0;0;0;0;0;0;0;0;0;727;;;;;;;;;;;;;;;;;
KGHM POLSKA MIEDŹ S.A.;KGH PW Equity;301250;-1497;-56600;7182;51402;50303;2293;-111304.8;36189;-189109;235597;103443;-2082.3;-4497;68698;44548;535814.9;1.1996782273833277;-0.034950504295853557;-0.9895104895104895;0.11361227556750775;0.1786721077274418;1.1119388138553018;0.11300019712201848;-0.290416146414722;1.7306202477165127;-0.17073932659136194;0.5377318655835812;;-0.05538889344039899;-0.06531969903843359;0.8496654422223047;;0.18446095952747466
KINO POLSKA TV S.A.;KPL PW Equity;0;-1537;0;0;0;0;0;0;0;0;0;0;0;0;0;0;-1537;;-0.1293335577246718;;;;;;;;;;;;;;;-0.1293335577246718
KLAVIYO INC;KVYO US Equity;0;0;0;0;0;-1428;0;0;0;0;0;0;0;0;0;0;-1428;;;;;;-1;;;;;;;;;;;-1
KONTRON AG;KTN GR Equity;0;0;0;0;32798;0;0;0;0;0;0;0;0;0;0;0;32798;;;;;;;;;;;;;;;;;
KRATOS DEFENSE & SECURITY SOLUTIONS INC;KTOS US Equity;0;0;0;0;0;-25;0;0;0;0;0;0;0;0;0;0;-25;;;;;;-0.005969436485195767;;;;;;;;;;;-0.005969436485195767
KRUK S.A.;KRU PW Equity;-47550;-1727;-1500;-222;-8069;-17639;160;-16757;-82;3430;-21426;23950;228.6;-2047;11478;11359;-66413.3;-0.4593537168526301;-0.17672943102742533;-0.34013605442176875;-0.01204427083333337;-0.1595515393589465;-1;0.034797738147020363;-0.2093560541415368;-0.02137643378519294;0.02469935911283927;-0.11806584929053587;2.821963002238718;0.021931137150179802;-0.1731957018360267;0.60150927575725824;;-0.10017488771881455
Kraft Heinz Co/The;KHC US Equity;0;0;0;-3822;0;0;0;0;0;0;0;0;0;0;0;0;-3822;;;;-1;;;;;;;;;;;;;-1
L'Oréal S.A.;OR FP Equity;0;0;0;0;0;0;0;-5;0;0;0;0;0;0;0;0;-5;;;;;;;;-1;;;;;;;;;-1
L3Harris Technologies Inc;LHX US Equity;0;0;0;0;0;0;0;0;0;0;-35510;0;0;0;0;0;-35510;;;;;;;;;;;-1;;;;;;-1
LIVECHAT SOFTWARE SA;TXT PW Equity;0;-13832;0;0;-145134;-12608;-428;-82953.5;0;-11650;0;0;2287.7;0;0;0;-264317.9;;-1;;;-1;-1;-0.13246672856700714;-1;;-0.05867303256479217;;0;0.07095186816813204;;;;-0.46971574542326486
LOKUM DEWELOPER S.A.;LKD PW Equity;0;-9627;0;0;0;0;0;0;0;0;0;0;0;0;0;0;-9627;;-1;;;;;;;;;;;;;;;-1
LPP S.A.;LPP PW Equity;2032;-30;-36;529;834;1877;-2;210;332;1415;1794;476;-1.6;19;176;0;9624.4;0.485079971353545;-0.04273504273504269;-0.02810304449648715;0.48487626031164076;0.26851255634256276;0.13850354191263282;-0.005154639175257714;0.03255528445958711;1.8043478260869566;0.14672335130651181;0.15158428390367561;0.13446327683615822;-0.0023195984985870943;0.020234291799787085;0.08231992516370434;;0.16107325153791095
LSI SOFTWARE S.A.;LSI PW Equity;0;-10382;0;0;0;0;0;0;0;0;0;0;0;0;0;0;-10382;;-1;;;;;;;;;;;;;;;-1
LUBAWA S.A.;LBW PW Equity;609030;0;0;0;-352476;0;0;0;0;0;0;0;0;0;0;0;256554;;;;;-0.2051318461959274;;;;;;;;;;;;0.14930774199931317
LUBELSKI WĘGIEL BOGDANKA S.A.;LWB PW Equity;0;20779;-1500;0;0;0;0;0;0;0;0;0;0;0;0;0;19279;;7.086971350613915;-0.5;;;0;;;;;;;;;;;1.2951094988579874
LUNDIN MINING CORP;LUN CN Equity;0;0;0;0;0;14142;0;395671.6;0;0;0;0;0;0;0;0;409813.6;;;;;;;;;;;;;;;;;
LVMH MOET HENNESSY LOUIS VUITTON SA;MC FP Equity;0;0;0;-607;0;-126;0;2606.6;0;0;-7555;0;0;0;0;0;-5681.4;;;;-0.4101351351351351;;-0.5361702127659574;;47.4536683051156;;;-1;;;;;;-0.60926677197576815
Leonardo SPA;LDO IM Equity;0;0;0;0;0;0;0;0;0;0;55001;0;0;0;0;0;55001;;;;;;;;;;;;;;;;;
Linde Plc;LIN US Equity;0;0;0;0;0;0;0;-10839.7;0;0;0;0;0;0;0;0;-10839.7;;;;;;;;-0.9224247530060504;;;;;;;;;-0.9224247530060504
M/I HOMES INC;MHO US Equity;0;0;0;0;0;-1412;0;0;0;0;0;0;0;0;0;0;-1412;;;;;;-1;;;;;;;;;;;-1
MABION S.A.;MAB PW Equity;0;-75;0;0;0;0;0;0;0;-222;0;0;0;0;0;0;-297;;-1;;;;;;;;-1;;;;;;;-1
MAGYAR TELEKOM TELECOMMUNICATIONS PLC;MTELEKOM HB Equity;0;0;0;0;-1025156;0;0;0;0;0;0;0;0;0;0;0;-1025156;;;;;-0.7268795307838043;;;;;;;;;;;;-0.7268795307838043
MARTIN MARIETTA MATERIALS INC;MLM US Equity;0;0;0;0;0;-113;0;0;0;0;0;0;0;0;0;0;-113;;;;;;-0.09732988802756248;;;;;;;;;;;-0.09732988802756248
MARVELL TECHNOLOGY INC;MRVL US Equity;0;0;0;0;0;-4082;0;-38424.6;0;0;0;0;0;8628;0;0;-33878.6;;;;;;-0.7881830469202549;;-1;;;;;;;;;-0.7769681102238506
MARVIPOL DEVELOPMENT S.A.;MVP PW Equity;0;-8721;0;0;0;0;0;0;0;0;0;0;0;0;0;0;-8721;;-1;;;;;;;;;;;;;;;-1
MASTERCARD INC.;MA US Equity;0;0;0;-865;0;27;0;0;0;0;0;0;0;0;0;0;-838;;;;-1;;0.03734439834024905;;;;;;;;;;;-0.5277078085642317
MBANK S.A.;MBK PW Equity;10197;-1086;17600;280;-17255;-4220;-100;-914.3;2072;5026;42102;-27981;-169.3;-9087;-5911;3310;13863.4;0.5611688954928182;-0.2193053311793215;28.478964401294497;0.04192872117400426;-0.5613024950391985;-0.524093392945852;-0.035063113604488105;-0.016961367505385683;1.0758047767393562;0.06565386072394297;0.6878849767175885;-1;-0.07656928364688853;-1;-0.5633816240945482;;0.04395113903112935
MCI Capital ASI S.A.;MCI PW Equity;0;0;0;0;146324;0;0;0;0;0;0;0;36043.3;0;0;0;182367.3;;;;;;;;;;;;;;;;;
MEDIGENE AG;MDG1 GR Equity;0;0;0;0;0;0;0;0;0;0;0;0;0;-7533;0;0;-7533;;;;;;;;;;;;;;-1;;;-1
MERCADOLIBRE INC;MELI US Equity;0;0;0;0;0;0;0;-727.7;0;0;0;0;0;241;0;0;-486.7;;;;;;;;-0.6680038923365035;;;;;;;;;-0.44676495428340615
MERCOR S.A.;MCR PW Equity;0;-2257;0;0;0;0;0;0;0;0;0;0;0;0;0;0;-2257;;-0.15417719789603112;;;;;;;;;;;;;;;-0.15417719789603112
META PLATFORMS INC;META US Equity;0;0;-15;0;0;-454;0;-8546.5;0;0;20525;0;0;2334;0;0;13843.5;;;-0.003597122302158251;;;-0.31245698554714384;;-0.889114524543946;;;;0;;;;;0.7852986808181141
METLEN ENERGY & METALS PLC;MTLN LN Equity;0;0;0;0;22518;0;0;0;0;0;0;0;0;0;0;0;22518;;;;;;;;;;;;;;;;;
MFO S.A.;MFO PW Equity;-1000;-158;0;0;0;0;0;0;0;-4147;0;0;0;14979;0;0;9674;-0.025780504782283664;-0.027656222650096263;;;;;;;;-1;;;;0.2470599877946198;;;0.08852651036805215
MICRON TECHNOLOGY INC.;MU US Equity;0;0;-920;-1744;0;-249;0;26588.5;0;0;0;0;0;-4595;0;0;19080.5;;;-0.08177777777777774;-1;;-0.24245374878286274;;;;;;;;-1;;;1.0249521916630853
MICROSOFT CORPORATION;MSFT US Equity;0;0;0;-2220;0;-18;130;13952.2;711;0;7326;773;0;258;0;0;20912.2;;;0;-1;;-0.011207970112079746;0.2801724137931034;28.353499430986835;;;0.23874857422193262;0.1945143432310015;;0.10608552631578938;;;0.4910915321296627
MIRBUD S.A.;MRB PW Equity;168956;-15625;-157794;-22231;91683;6912;0;-887130.7;0;645744;970605;0;0;97515;-170653;200;728181.3;;-0.18469267139479907;-1;-0.065144260354336065;0.13513935790269628;0.05975620299126816;;-0.6645683983078942;0;;0.28514489698730962;0;;0.6932230981950536;-0.43630427501642664;;0.10916326457513215
ML SYSTEM S.A.;MLS PW Equity;0;-3498;0;0;0;0;-9436;-8119;0;0;-136483;0;0;0;0;0;-157536;;-1;;;;;-1;-1;;;-1;;;;;;-1
MLP GROUP S.A.;MLG PW Equity;0;0;0;0;-404;0;0;0;0;0;0;-12040;0;0;0;0;-12444;;0;;;-0.012341907496792315;0;;;;;;-0.09011841140102694;;;0;;-0.06987046675762631
MO-BRUK S.A.;MBR PW Equity;-10734;-420;0;0;0;0;762;0;0;-2161;2372;0;0;6220;-10215;0;-14176;-1;-0.18111254851228974;;;;;0.3417040358744394;;;-0.07796940395439456;0.04740776272134939;0;;;-0.58043070629013016;;-0.11805266401292446
MOL HUNGARIAN OIL & GAS PLC;MOL HB Equity;0;0;-38000;0;31601;0;0;0;0;0;0;0;0;0;0;0;-6399;;;-1;;;;;;;;;;;;;;-0.16839473684210525
MOLECURE S.A.;MOC PW Equity;0;-3485;0;0;0;0;0;0;0;0;0;0;0;0;0;0;-3485;;-1;;;;;;;;;;;;;;;-1
MOTOR OIL HELLAS CORINTH REFINERIES SA;MOH GA Equity;0;0;0;0;92917;0;0;0;0;0;0;0;0;0;0;0;92917;;;;;;;;;;;;;;;;;
MURAPOL S.A.;MUR PW Equity;0;0;0;0;0;0;0;0;0;0;335982;0;0;38470;79931;43712;498095;;;;;;;;;;;;;;0.9516152970860337;;;12.321154702419235
MURPHY USA INC;MUSA US Equity;0;0;0;0;0;-390;0;0;0;0;0;0;0;0;0;0;-390;;;;;;-1;;;;;;;;;;;-1
MYTILINEOS HOLDINGS S.A.;MYTIL GA Equity;0;0;0;0;-35217;0;0;0;0;0;0;0;0;0;0;0;-35217;;;;;-1;;;;;;;;;;;;-1
Mangata Holding S.A.;MGT PW Equity;0;-444;0;0;0;0;0;0;0;0;0;0;4006.6;0;0;0;3562.6;;-1;;;;;;;;;;;0.27760509843646307;;;;0.2394744519267096
Medicalgorithmics SA;MDG PW Equity;123978;0;198750;74419;0;0;0;0;0;0;0;0;0;0;0;0;397147;;;;;;;;;;;;;;;;;
Monster Beverage Corp;MNST US Equity;0;0;0;0;0;0;0;0;0;0;0;0;0;0;0;0;0;;;;0;;;;;;;;;;;;;0
MoonLake Immunotherapeutics AG;MLTX US Equity;0;0;0;0;0;0;0;-84.3;0;0;0;0;0;0;0;0;-84.3;;;;;;;;-1;;;;;;;;;-1
Münchener Rück AG;MUV2 GR Equity;0;0;0;0;0;0;0;439.4;0;0;0;0;0;0;0;0;439.4;;;;;;;;;;;;;;;;;
NATWEST GROUP PLC;NWG LN Equity;0;0;0;0;216640;0;0;0;0;0;0;0;0;0;0;0;216640;;;;;;;;;;;;;;;;;
NEUCA S.A.;NEU PW Equity;4080;24;0;157;-33;234;339;0;-201;-1713;15540;0;0;2240;2856;2314;25837;0.0989978890156018;0.024514811031664863;0;0.04753254617014835;-0.02268041237113405;0.0548009367681499;0.3498452012383901;;-1;-0.05789313596268886;0.27823533624579255;0;;1.5852795470629863;1.2199914566424606;;0.18098967454502144
NEWAG S.A.;NWG PW Equity;0;-101;0;0;-1162;0;0;0;0;1000;583871;0;0;0;0;0;583608;;-0.005783656874534748;;;-0.02197843767732177;;;;;;;;;;;;8.297783401817071
NEWMONT CORPORATION;NEM US Equity;-133749;0;-863;0;0;-1269;0;0;3881;0;-25920;0;0;0;0;0;-157920;-1;;-1;;;-0.4389484607402283;;;;;-1;;;;;;-0.9663266492476579
NIKE Inc;NKE US Equity;-12213;0;0;2254;0;0;0;0;0;0;82084;0;0;8879;0;0;81004;-1;;;0.27965260545905714;;;;;;;1.0472836765418867;;;;;;0.8211168665294828
NORFOLK SOUTHERN CORP;NSC US Equity;0;0;0;0;0;-412;0;0;0;0;0;0;0;0;0;0;-412;;;;;;-1;;;;;;;;;;;-1
NVIDIA CORP;NVDA US Equity;0;0;-80;-7740;0;135;150;14307.2;0;0;31307;17802;0;4446;0;0;60327.2;;;-0.00666666666666671;-1;;0.024245689655172376;0.08670520231213864;0.3062304555815969;;;0.4055836248218681;;;0.60979289535043215;;;0.3812400822803408
Nektar Therapeutics;NKTR US Equity;0;0;0;0;0;0;0;145086.8;0;0;0;0;0;0;0;0;145086.8;;;;;;;;;;;;;;;;;
Nestle SA;NESN SW Equity;0;0;0;-3684;0;0;0;0;0;0;0;0;0;0;0;0;-3684;;;;-1;;;;;;;;;;;;;-1
Novartis AG;NOVN SW Equity;0;0;0;0;0;0;0;0;0;0;0;-8200;0;0;0;0;-8200;;;;;;;;;;;;-1;;;;;-1
OCULAR THERAPEUTIX, INC.;OCUL US Equity;0;0;0;0;0;0;0;0;0;0;0;0;0;-19461;0;0;-19461;;;;;;;;;;;;;;-1;;;-1
ONDE S.A.;OND PW Equity;0;0;0;0;0;0;0;0;0;0;0;0;169.3;0;0;0;169.3;;;;;;;;;;;;;0.009800351418555842;;0;;0.009269089983217516
ONE UNITED PROPERTIES SA;ONE RO Equity;0;0;0;0;0;0;0;0;0;0;0;0;0;-4165669;0;0;-4165669;;;;;;;;;;;;;;-1;;;-1
ONESPAWORLD HOLDINGS LTD;OSW US Equity;0;0;0;0;0;-67;0;0;0;0;0;0;0;0;0;0;-67;;;;;;-0.013854425144747773;;;;;;;;;;;-0.013854425144747773
OPONEO.PL S.A.;OPN PW Equity;29433;2189;0;-653;-1354;0;0;0;0;0;0;71697;726.8;0;30000;0;132038.8;0.24016351975455706;2.672771672771673;;-0.06515015464431806;-0.015643774840558233;0;;;;;;35848.5;0.02651669667088208;;;;0.5086664422513658
ORACLE CORPORATION;ORCL US Equity;0;0;0;0;0;-152;0;19074.3;0;0;0;0;0;0;0;0;18922.3;;;;;;-0.4269662921348315;;;;;;;;;;;53.1526404494382
ORANGE POLSKA S.A.;OPL PW Equity;0;-90476;-27500;3656;96093;58820;-18138;652565;0;94183;0;-63545;-41013.2;0;-335118;778;330304.9;;-0.645961846013251;-0.26315789473684216;0.02774005083652642;0.11713444625258273;0.13495840197504583;-0.1955453016516452;0.3539545949768701;;0.019361366608277475;;-0.6415381974942201;-0.14686767665359135;;-0.6566177479083801;;0.03543240369034062
ORLEN S.A.;PKN PW Equity;785480;-26070;-8570;-32286;667130;104127;-345;77957.1;89759;-300456;514965;-752291;-25158;-51702;80948;134556;1258044.1;1.2497414536509925;-0.13522205047874936;-0.04282858570714643;-0.09660277546721563;1.829618131355793;0.4521029711224096;-0.003284838328826645;0.111183023677474;1.0384806728911413;-0.070605470058074165;0.27866433330302986;-0.6593549235286385;-0.1235165052051933;-0.18229192375767745;0.40574218319248544;;0.11676293934657366
ORZEŁ BIAŁY S.A.;OBL PW Equity;0;-143;0;0;0;0;0;0;0;0;0;0;0;0;0;0;-143;;-0.014928489403904344;;;;;;;;;;;;;;;-0.014928489403904344
OTP BANK NYRT.;OTP HB Equity;0;0;0;0;-14278;0;0;0;0;0;0;0;0;0;0;0;-14278;;;;;-0.63037527593818986;;;;;;;;;;;;-0.63037527593818986
Occidental Petroleum Corp;OXY US Equity;0;0;0;-7269;0;0;0;0;0;0;0;0;0;0;0;0;-7269;;;;-1;;;;;;;;;;;;;-1
On Holding AG;ONON US Equity;0;0;0;0;0;0;0;0;0;0;142493;0;0;0;0;0;142493;;;;;;;;;;;;;;;;;
Orsted A/S;ORSTED DC Equity;0;0;0;0;0;0;0;0;0;0;0;-28722;0;0;0;0;-28722;;;;;;;;;;;;-1;;;;;-1
PALFINGER AG;PAL AV Equity;0;0;0;0;0;0;0;0;0;0;0;0;0;0;6697;0;6697;;;;;;;;;;;;;;;;;
PALO ALTO NETWORKS, INC.;PANW US Equity;0;0;0;0;0;-194;0;0;0;0;-40760;0;0;3002;0;0;-37952;;;;;;-0.3211920529801324;;;;;-1;;;;;;-0.9175128130741707
PARSONS CORP;PSN US Equity;0;0;0;0;0;-4356;0;0;0;0;0;0;0;0;0;0;-4356;;;;;;-1;;;;;;;;;;;-1
PASSU SA;PAS PW Equity;0;0;0;0;0;0;0;0;0;0;0;0;0;17616;0;0;17616;;;;;;;;;;;;;;;;;
PCF GROUP SA;PCF PW Equity;0;-92;0;0;0;0;0;0;0;-13200;0;0;0;0;0;0;-13292;;-1;;;;;;;;-0.031641928431710986;;;;;;;-0.031855437856492363
PEPCO GROUP NV;PCO PW Equity;0;-9000;-135650;0;414288;-145;-10574;-354615.4;47805;-353024;911180;-327106;0;-201848;-74583;26971;-66301.4;;-0.15219155844155841;-1;0;1.508185501632732;-0.005723985472919635;-0.2352391546162402;-0.6230942507731234;;-0.20005780314063728;;-1;;-0.9891455089849703;-0.458737998437721;;-0.018084107051289044
PGE POLSKA GRUPA ENERGETYCZNA S.A.;PGE PW Equity;0;102490;-542500;11071;62009;92612;-1250;-731201.8;159294;-677572;1660852;-16699;-59976.8;181419;-307389;0;-66841.6;;0.8804982817869416;-1;0.07995522334163874;0.050768498952437735;0.4139102297663899;-0.008005943612537925;-0.28732012476075695;1.4156572434080147;-0.08557944452401545;1.0656193879168141;-0.026012037908195396;-0.2650274878088744;;-0.7318785714285714;;-0.004225023985743426
PKP CARGO SA;PKP PW Equity;0;0;0;0;0;0;0;-414957;0;0;-191990;0;0;0;0;0;-606947;;;;;;;;-0.4221009949188017;;0;-1;;;;;;-0.398666446143935
PLAYWAY S.A.;PLW PW Equity;-9428;0;0;-109;4361;0;585;0;0;-1018;0;0;0;0;0;0;-5609;-0.29072743532023804;0;;-0.018562670299727468;2.2572463768115944;;0.24704391891891888;;;-0.20800980792807522;;;;;;;-0.1153308385080396
PLN ABB LTD;ABBN SW Equity;0;0;-7;0;0;0;0;0;0;0;0;0;0;0;0;0;-7;;;-1;;;;;;;;;;;;;;-1
PLN AND INFORMATION NETWORK AG;BNN GR Equity;0;0;-5613;0;0;0;0;0;0;0;0;0;0;0;0;0;-5613;;;-1;;;;;;;;;;;;;;-1
PLN AS TALLINNA VESI;TVE1T ET Equity;0;0;-700;0;0;0;0;0;0;0;0;0;0;0;0;0;-700;;;-1;;;;;;;;;;;;;;-1
PLN BAKKAFROST P/F;BAKKA NO Equity;0;0;-1430;0;0;0;0;0;0;0;0;0;0;0;0;0;-1430;;;-1;;;;;;;;;;;;;;-1
PLN BICO GROUP AG;BICO SS Equity;0;0;-4565;0;0;0;0;0;0;0;0;0;0;0;0;0;-4565;;;-1;;;;;;;;;;;;;;-1
PLN BOOKING HOLDINGS INC;BKNG US Equity;0;0;-41;0;0;0;0;0;0;0;0;0;0;0;0;0;-41;;;-0.23699421965317924;;;;;;;;;;;;;;-0.23699421965317924
PLN CDRL S.A.;CDL PW Equity;0;0;-500;0;0;0;0;0;0;0;0;0;0;0;0;0;-500;;;-1;;;;;;;;;;;;;;-1
PLN CEZ A.S.;CEZ CP Equity;0;0;-800;0;0;0;0;0;0;0;0;0;0;0;0;0;-800;;;-1;;;;;;;;;;;;;;-1
PLN CIRCA GROUP AS;CIRCA Equity;0;0;200;0;0;0;0;0;0;0;0;0;0;0;0;0;200;;;;;;;;;;;;;;;;;
PLN CREDIT AGRICOLE SA;ACA FP Equity;0;0;-11650;0;0;0;0;0;0;0;0;0;0;0;0;0;-11650;;;-1;;;;;;;;;;;;;;-1
PLN EQUIPMENT AG;SBO AV Equity;0;0;-330;0;0;0;0;0;0;0;0;0;0;0;0;0;-330;;;-1;;;;;;;;;;;;;;-1
PLN EXXON MOBIL CORP;XOM US Equity;0;0;-2150;0;0;0;0;0;0;0;0;0;0;0;0;0;-2150;;;-0.54707379134860055;;;;;;;;;;;;;;-0.54707379134860055
PLN FIELMANN AG;FIE GR Equity;0;0;-3107;0;0;0;0;0;0;0;0;0;0;0;0;0;-3107;;;-1;;;;;;;;;;;;;;-1
PLN GILEAD SCIENCES INC;GILD US Equity;0;0;-230;0;0;0;0;0;0;0;0;0;0;0;0;0;-230;;;-1;;;;;;;;;;;;;;-1
PLN GLOBAL FASHION GROUP SA;GFG GR Equity;0;0;-310;0;0;0;0;0;0;0;0;0;0;0;0;0;-310;;;-1;;;;;;;;;;;;;;-1
PLN GRAIL INC;GRAL US Equity;0;0;-7;0;0;0;0;0;0;0;0;0;0;0;0;0;-7;;;-1;;;;;;;;;;;;;;-1
PLN HYDROGENPRO AS;HYPRO NO Equity;0;0;-300;0;0;0;0;0;0;0;0;0;0;0;0;0;-300;;;-1;;;;;;;;;;;;;;-1
PLN ILLUMINA INC;ILMN US Equity;0;0;-54;0;0;0;0;0;0;0;0;0;0;0;0;0;-54;;;-1;;;;;;;;;;;;;;-1
PLN IMPACT COATINGS AB;IMPC SS Equity;0;0;-6000;0;0;0;0;0;0;0;0;0;0;0;0;0;-6000;;;-1;;;;;;;;;;;;;;-1
PLN JENOPTIK AG;JEN GR Equity;0;0;-100;0;0;0;0;0;0;0;0;0;0;0;0;0;-100;;;-1;;;;;;;;;;;;;;-1
PLN K+S AG;SDF GR Equity;0;0;-14450;0;0;0;0;0;0;0;0;0;0;0;0;0;-14450;;;-0.8425655976676384;;;;;;;;;;;;;;-0.8425655976676384
PLN KRKA DD NOVO MESTO;KRKG SV Equity;0;0;0;0;0;0;0;0;0;0;0;0;0;0;0;0;0;;;0;;;;;;;;;;;;;;0
PLN MAYR MELNHOF KARTON AG;MMK AV Equity;0;0;-240;0;0;0;0;0;0;0;0;0;0;0;0;0;-240;;;-1;;;;;;;;;;;;;;-1
PLN MINESTO AB;MINEST SS Equity;0;0;-36100;0;0;0;0;0;0;0;0;0;0;0;0;0;-36100;;;-1;;;;;;;;;;;;;;-1
PLN NOLATO AB;NOLAB SS Equity;0;0;-20;0;0;0;0;0;0;0;0;0;0;0;0;0;-20;;;-1;;;;;;;;;;;;;;-1
PLN NOVO NORDISK A/S;NOVOB DC Equity;0;0;161398;0;0;0;0;0;0;0;0;0;0;10925;0;0;172323;;;;;;;;;;;;;;2.654921020656136;;;41.87679222357229
PLN OMV AG;OMV AV Equity;0;0;-513;0;0;0;0;0;0;0;0;0;0;0;0;0;-513;;;-1;;;;;;;;;;;;;;-1
PLN PEABODY ENERGY CORP;BTU US Equity;0;0;-17915;0;0;0;0;0;0;0;0;0;0;0;0;0;-17915;;;-1;;;;;;;;;;;;;;-1
PLN PETROL DD LJUBLJANA;PETG SV Equity;0;0;-60;0;0;0;0;0;0;0;0;0;0;0;0;0;-60;;;-1;;;;;;;;;;;;;;-1
PLN PSI SOFTWARE SE;PSAN GR Equity;0;0;-8;0;0;0;0;0;0;0;0;0;0;0;0;0;-8;;;-1;;;;;;;;;;;;;;-1
PLN READLY INTERNATIONAL AB;READ SS Equity;0;0;0;0;0;0;0;0;0;0;0;0;0;0;0;0;0;;;0;;;;;;;;;;;;;;0
PLN REPSOL YPF;REP SM Equity;0;0;-18975;0;0;0;0;0;0;0;0;0;0;0;0;0;-18975;;;-1;;;;;;;;;;;;;;-1
PLN SCHLUMBERGER LTD;SLB US Equity;0;0;-770;0;0;0;0;0;0;0;0;0;0;0;0;0;-770;;;-1;;;;;;;;;;;;;;-1
PLN SUPER MICRO COMPUTER INC;SMCI US Equity;0;0;-200;0;0;0;0;0;0;0;0;0;0;0;0;0;-200;;;-0.010322580645161339;;;;;;;;;;;;;;-0.010322580645161339
PLN TALLINNA SADAM AS;TSM1T ET Equity;0;0;-630;0;0;0;0;0;0;0;0;0;0;0;0;0;-630;;;-1;;;;;;;;;;;;;;-1
PLN THE MOSAIC COMPANY;MOS US Equity;0;0;-5750;0;0;0;0;0;0;0;0;0;0;0;0;0;-5750;;;-0.9879725085910653;;;;;;;;;;;;;;-0.9879725085910653
PLN TOTALENERGIES SE;TTE FP Equity;0;0;-5075;0;0;0;0;0;0;0;0;0;0;0;0;0;-5075;;;-0.8087649402390437;;;;;;;;;;;;;;-0.8087649402390437
PLN VITA 34 AG;V3V GR Equity;0;0;-338;0;0;0;0;0;0;0;0;0;0;0;0;0;-338;;;-1;;;;;;;;;;;;;;-1
PLN YARA INTERNATIONAL ASA;YAR NO Equity;0;0;-6400;0;0;0;0;-14576.2;0;0;0;0;0;0;0;0;-20976.2;;;-0.8443271767810026;;;;;-1;;;;;;;;;-0.946741673647419
PNC FINANCIAL SERVICES GROUP;PNC US Equity;0;0;0;0;0;-698;0;0;0;0;0;0;0;0;0;0;-698;;;;;;-1;;;;;;;;;;;-1
POLENERGIA S.A.;PEP PW Equity;0;-9562;0;0;-198;0;0;0;0;0;0;0;0;0;0;0;-9760;;-1;;;-0.03335017685699848;;;;;;;;;;0;;-0.3805068226120858
POLTREG S.A.;PTG PW Equity;-6481;0;0;0;0;0;0;0;0;0;0;0;0;0;0;0;-6481;-0.3053906323626425;0;;;;;;;;;;;;;;;-0.249730271270037
PORR AG;POS AV Equity;0;0;0;0;6230;0;0;0;0;0;0;0;0;0;0;0;6230;;;;;0.0995939508264858;;;;;;;;;;;;0.0995939508264858
POWSZECHNA KASA OSZCZĘDNOŚCI BANK POLSKI S.A.;PKO PW Equity;-141960;18042;-123450;-758;151368;15010;-10160;423599.6;116922;108676;711058;307219;-12923.4;104652;98530;228203;1994028.2;-0.06385482338716642;0.07217637245920527;-0.342678695350451;-0.0016309317612126506;0.0953369494292431;0.029209494934556046;-0.06349960312748049;0.37476928906310405;1.115391219735562;0.017478947049289761;0.1824149876963301;0.35140783206672666;-0.05038718101575124;0.32733312272646245;0.13948602662310172;;0.10457869547553432
POWSZECHNY ZAKŁAD UBEZPIECZEŃ S.A.;PZU PW Equity;-80266;-9207;-38250;14700;16782;8910;-4091;-11801.9;85252;269777;1531270;-591674;-4051.4;-66025;-452392;190849;859781.6;-0.04866048180339511;-0.053532182103610655;-0.2276785714285714;0.04841036179335689;0.014470759270788225;0.022269321323062696;-0.035223212363855505;-0.007440267773786591;1.0068261804095707;0.06414986572083925;0.8908834073568993;-0.51027406120798055;-0.021619844765988327;-0.2163023679417122;-0.4686980035432704;;0.0606264458381629
PRZEDSIEBIORSTWO HYDRAULIKI SI;HDR PW Equity;0;0;0;0;0;0;0;0;0;0;0;0;0;0;0;0;0;;;;;;;;;;0;;;;;;;0
PUMA SE.;PUM GR Equity;0;0;0;0;39947;0;0;0;0;0;0;0;0;0;0;0;39947;;;;;;;;;;;;;;;;;
Pan American Silver Corp;PAAS CN Equity;-122912;0;0;0;0;0;0;0;0;0;0;0;0;0;0;0;-122912;-1;;;;;;;;;;;;;;;;-1
PepsiCo Inc.;PEP US Equity;0;0;0;0;0;0;0;-91.7;0;0;0;0;0;0;0;0;-91.7;;;;;;;;-0.25899991529491494;;;;0;;;;;-0.02711362420451824
Pernod Ricard;RI FP Equity;0;0;0;-2303;0;0;0;0;0;0;0;0;0;0;0;0;-2303;;;;-1;;;;;;;;;;;;;-1
Pfizer Inc.;PFE US Equity;0;0;0;0;0;0;0;0;0;0;0;81789;0;0;0;0;81789;;;;;;;;;;;;1.2888072989710216;;;;;1.2888072989710216
Polimex-Mostostal SA;PXM PW Equity;98670;0;0;0;0;0;0;0;0;0;0;0;0;0;0;0;98670;;;;;;;;;;;;;;;;;
Poznańska Korporacja Budowlana Pekabex S.A.;PBX PW Equity;0;-9590;0;0;0;0;3791;0;0;0;0;0;2668.5;38478;0;0;35347.5;;-0.4483193866579403;;;;;0.13071963035757395;;;;;;0.04055009763473194;0.7560716812072626;;;0.21154679649650944
Procter & Gamble Company;PG US Equity;0;0;0;0;0;0;0;995.1;0;0;0;0;0;0;0;0;995.1;;;;;;;;0.4332688924882873;;;;0;;;;;0.07502291973268349
Publicis Groupe;PUB FP Equity;0;0;0;0;0;0;0;0;0;0;0;36351;0;0;0;0;36351;;;;;;;;;;;;;;;;;
QUALCOMM INC.;QCOM US Equity;0;0;0;0;0;-578;0;0;0;0;0;0;0;0;0;0;-578;;;;;;-1;;;;;;;;;;;-1
QUANTA SERVICES INC;PWR US Equity;0;0;0;0;0;-679;0;0;0;0;0;0;0;0;0;0;-679;;;;;;-0.2940666955391945;;;;;;;;;;;-0.2940666955391945
QUERCUS TFI SA;QRS PW Equity;434591;0;0;0;0;70061;0;0;0;0;0;0;0;0;0;92000;596652;;;;;;1.102576208236942;;;;;;;;;;;9.38973608422643
RAIFFEISEN BANK INTERNATIONAL AG;RBI AV Equity;0;0;0;0;-66007;0;0;0;0;0;0;0;0;0;0;0;-66007;;;;;-1;;;;;;;;;;;;-1
RAINBOW TOURS S.A.;RBW PW Equity;15468;1408;0;3670;-15815;-753;671;-45961.4;-4852;49378;233224;0;0;15443;47;11790;263717.6;0.11335937442745013;0.20145943625697527;;0.20841615083196086;-0.1277236678457786;-0.03419307964762508;0.3186134852801519;-0.29024217153907863;-1;1.0320193955607576;2.468109423779036;0;;;0.0014748336889669478;;0.3923098433971195
RAWLPLUG S.A.;RWL PW Equity;0;-257;0;0;0;0;0;0;-1268;0;0;0;0;0;0;0;-1525;;-0.022143718766155396;;;;;;;-1;;;;;;;;-0.11845580239241881
ROCKET LAB CORP;RKLB US Equity;0;0;0;0;0;835;0;0;0;0;0;0;0;12401;0;0;13236;;;;;;;;;;;;;;;;;
RTX Corp.;RTX US Equity;0;0;0;0;0;0;0;17495.6;0;0;0;0;0;0;0;0;17495.6;;;;;;;;;;;;;;;;;
RYVU THERAPEUTICS S.A.;RVU PW Equity;-200982;-2087;-2300;0;-14274;0;697;0;-20279;-4500;-161655;0;0;0;49450;0;-355930;-0.6402515362634632;-0.6581520025228635;-0.26285714285714292;;-0.26889458217165252;;0.13471202164669505;;-1;-0.02565827736027637;-1;;;;0.5917478400306344;;-0.4314449460102888
Regeneron Pharmaceuticals inc.;REGN US Equity;0;0;0;-151;0;0;0;0;0;0;0;0;0;0;0;0;-151;;;;-1;;;;;;;;;;;;;-1
Render Cube S.A.;RND PW Equity;0;0;0;0;0;0;0;-3256.5;0;0;0;0;0;0;0;0;-3256.5;;;;;;;;-0.07092813072898174;;;;;;;;;-0.07092813072898174
Rheinmetall AG;RHM GR Equity;0;0;0;0;0;38;0;1589.5;256;0;6505;0;0;-250;0;0;8138.5;;;;;;0.09090909090909083;;;;;;;;-1;;;12.183338323353291
Roche Holding AG;ROG SW Equity;0;0;0;-1495;0;0;0;0;0;0;0;-5226;0;0;0;0;-6721;;;;-1;;;;;;;;-1;;;;;-1
SAAB AB;SAABB SS Equity;0;0;0;0;0;4471;0;0;0;0;0;0;0;0;0;0;4471;;;;;;;;;;;;;;;;;
SAFRAN SA;SAF FP Equity;0;0;0;0;0;0;0;0;1670;0;0;0;0;0;0;0;1670;;;;;;;;;;;;;;;;;
SAIPEM SPA;SPM IM Equity;0;0;0;0;0;0;0;0;0;0;0;0;0;18461;0;0;18461;;;;;;;;;;;;;;0.10371931007359958;;;0.10371931007359958
SALESFORCE, INC.;CRM US Equity;0;0;0;0;0;-720;0;-10223.5;0;0;26467;0;0;4934;0;0;20457.5;;;;;;-0.63716814159292035;;-1;;;;;;2.9633633633633633;;;1.5714195732377564
SAP SE;SAP GR Equity;0;0;0;0;0;-531;0;-5076.8;0;0;54785;0;0;0;0;0;49177.2;;;;;;-0.42344497607655505;;-0.5173414910778067;;;;;;;;;4.443524405968283
SELENA FM S.A.;SEL PW Equity;0;-158;0;0;0;0;0;0;0;0;0;0;0;0;0;0;-158;;-0.03029721955896447;;;;;;;;;;;;;;;-0.03029721955896447
SELVITA S.A.;SLV PW Equity;59617;-2553;-700;12335;-1471;-12497;1120;-208.1;-10421;-7668;21884;0;0;54007;-2600;0;110844.9;0.1984032427683338;-0.1834578901983328;-0.4117647058823529;0.7185715950133986;-0.05036981235447202;-0.6773441734417345;0.23362536503963295;-0.074536363831722685;-1;-0.07438954588228441;0.07640714632366552;;;;-0.04448170262270967;;0.13088771847714153
SERVICENOW INC;NOW US Equity;0;0;0;0;0;284;0;-21513.5;0;0;0;0;0;0;0;0;-21229.5;;;;;;0.365979381443299;;-1;;;;;;;;;-0.9524439118561365
SHOPER S.A.;SHO PW Equity;-21144;3640;0;10399;-59396;30344;1559;42849.8;19174;0;44717;0;0;40689;53357;0;166188.8;-0.07305797231647393;3.1244635193133047;;0.19631496479205612;-0.4463012360521471;0.8185153215364696;0.07842446803159109;0.11508957410390796;1.6893392070484583;;0.0900066221299911;0;;0.6316794485670816;2.1365875145156767;;0.09833418407212836
SHOPIFY INC.;SHOP CN Equity;0;0;0;0;0;-891;0;0;0;0;0;0;0;0;0;0;-891;;;;;;-0.29709903301100372;;;;;;;;;;;-0.29709903301100372
SIEMENS AG;SIE GR Equity;0;0;0;-2098;0;599;0;0;0;0;0;0;0;0;0;0;-1499;;;;-1;;0.4453531598513012;;;;;;;;;;;-0.4353761254719721
SIEMENS ENERGY AG;ENR GR Equity;0;0;0;0;11320;0;0;20396;0;0;0;0;0;0;0;0;31716;;;;;;;;;;;;;;;;;
SIKA AG;SIKA SW Equity;0;0;0;-1309;0;0;0;0;0;0;0;0;0;0;0;0;-1309;;;;-1;;;;;;;;;;;;;-1
SKARBIEC HOLDING SA;SKH PW Equity;0;0;0;0;0;0;0;0;0;0;0;0;0;0;0;35668;35668;;;;;;;;;;;;;;;;;
SNIEZKA SA;SKA PW Equity;0;-247;0;0;0;0;0;0;0;-5658;0;0;0;0;0;0;-5905;;-1;;;;;;;;-0.07490071485305794;;;;;;;-0.07791573752754433
SOCIETE GENERALE PARIS;GLE FP Equity;0;0;0;0;24505;1455;0;0;0;0;0;0;0;0;0;0;25960;;;;;;;;;;;;;;;;;
STALEXPORT AUTOSTRADY SA;STX PW Equity;0;0;0;0;0;0;0;0;0;-18000;-681112;0;0;0;0;84561;-614551;;0;;;;0;;;;-0.01591302295276753;-0.05220333911537789;;;;0;;-0.04212662796136923
STALPRODUKT S.A.;STP PW Equity;0;0;0;0;255;0;0;0;0;0;0;0;0;-2891;0;0;-2636;;;;;0.50595238095238095;0;;;;;;;;-1;;;-0.6738241308793455
STALPROFIL S.A.;STF PW Equity;0;-2911;0;0;0;0;0;0;0;0;0;0;0;0;0;0;-2911;;-1;;;;;;;;;;;;;;;-1
STMICROELECTRONICS NV;STMPA FP Equity;0;0;0;0;0;0;0;0;0;0;0;0;0;28275;0;0;28275;;;;;;;;;;;;;;;;;
SWEETGREEN INC;SG US Equity;0;0;0;0;0;-1780;0;0;0;0;0;0;0;0;0;0;-1780;;;;;;-1;;;;;;;;;;;-1
SYMBOTIC INC;SYM US Equity;0;0;0;0;0;-2380;0;0;0;0;0;0;0;0;0;0;-2380;;;;;;-0.669479606188467;;;;;;;;;;;-0.669479606188467
SYNEKTIK S.A.;SNT PW Equity;0;-6332;2007;0;-31340;-2846;0;97773.4;-47;14988;0;0;0;0;0;0;74203.4;;-0.9580874564987138;;;-0.7579018645256464;-0.35916203937405356;;;-0.033380681818181768;;;;;;;;1.2951790825944283
Samsung Electronics;SMSN LI Equity;0;0;0;0;0;0;0;0;0;0;0;2882;0;0;0;0;2882;;;;;;;;;;;;2.2445482866043616;;;;;2.2445482866043616
Santander Bank Polska S.A.;SPL PW Equity;22585;1391;14593;2732;14480;-1578;-263;28553.6;7592;91988;8660;-1108;-1023.8;18404;14809;7809;229623.9;0.25500756497978916;0.09306837949953174;0.9793959731543625;0.1865355728526561;0.20181184668989548;-0.05198142108904047;-0.034857521537442038;0.283399608650579;1.3525743809014784;0.3243216562306086;0.038983546782506817;-0.03439818695476704;-0.07509581635534756;1.9281299109481404;0.5706743737957611;;0.24527411447727452
Schneider Electric SE;SU FP Equity;0;0;0;0;0;0;0;-1325.2;1054;0;22937;0;0;0;0;0;22665.8;;;;;;;;-0.10745794707786526;;;;;;;;;1.8379559652548477
Scholar Rock Holding Corp.;SRRK US Equity;0;0;0;0;0;0;0;-57319;0;0;0;0;0;0;0;0;-57319;;;;;;;;-1;;;;;;;;;-1
Scope Fluidics SA;SCP PW Equity;0;0;0;0;0;0;0;0;0;0;-24871;0;0;0;0;0;-24871;;;;;;;;;;;-1;;;;;;-1
SentinelOne Inc.;S US Equity;0;0;0;0;0;0;0;-59902.4;0;0;0;0;0;0;0;0;-59902.4;;;;;;;;-1;;;;;;;;;-1
Snowflake Inc.;SNOW US Equity;0;0;0;0;0;0;0;25210.1;0;0;0;0;0;0;0;0;25210.1;;;;;;;;;;;;;;;;;
Starbucks Corp;SBUX US Equity;0;0;0;-5050;0;0;0;0;0;0;0;0;0;0;0;0;-5050;;;;-1;;;;;;;;;;;;;-1
TALEX SA;TLX PW Equity;0;0;0;0;0;0;0;0;0;0;0;0;0;0;0;0;0;;;;;;;;;;0;;;;;;;0
TAURON POLSKA ENERGIA S.A.;TPE PW Equity;3998624;32048;0;147703;-1035659;413106;-265;0;248343;769257;5478464;-1937798;-20719.4;-819044;-490423;3442;6787078.6;;0.12054374073767594;;0.53309680725892015;-0.3712015478036342;1.117838066013995;-0.0012177861108046972;;3.0997541096146887;0.09033766308192547;;-0.618063168302621;-0.05976742541814617;-1;-0.6075050106902984;;0.38510781273568305
TECNICAS REUNIDAS SA;TRE SM Equity;0;0;0;0;0;0;0;0;0;0;0;0;0;0;45000;0;45000;;;;;;;;;;;;;;;;;
TEN SQUARE GAMES SA;TEN PW Equity;-121261;0;0;-9320;5983;0;801;0;0;-6100;0;-6213;0;0;0;53;-136057;-1;;;-1;0.7085504500236854;;0.18254329990884234;;;-0.07946950846154843;;-0.10618697658519915;;;;;-0.48821595940893204
THYSSENKRUPP AG;TKA GR Equity;0;0;0;0;124170;0;0;0;0;0;0;0;0;0;0;0;124170;;;;;;;;;;;;;;;;;
TKMS AG& CO KGAA;TKMS GR Equity;0;0;0;0;20205;0;0;0;0;0;0;0;0;0;0;0;20205;;;;;;;;;;;;;;;;;
TOLL BROTHERS INC;TOL US Equity;0;0;0;0;0;-1029;0;0;0;0;0;0;0;0;0;0;-1029;;;;;;-1;;;;;;;;;;;-1
TORPOL S.A.;TOR PW Equity;0;16865;0;0;1518;0;-411;-23628.7;0;-13000;0;0;0;-31763;0;47924;-2495.7;;;;;0.011511948006643236;;-0.07023239917976765;-0.06224485745024877;;-0.019159290339885837;;;;-0.6249852426114675;0;;-0.0019702876019110915
TOYA S.A.;TOA PW Equity;0;-12290;0;0;572059;0;0;0;0;0;0;0;0;0;0;0;559769;;-0.397721756577457;;;;0;;;;;;;;;;;5.667915472706839
TREX COMPANY INC;TREX US Equity;0;0;0;0;0;-792;0;0;0;0;0;0;0;0;0;0;-792;;;;;;-1;;;;;;;;;;;-1
Take-Two Interactive Software Inc;TTWO US Equity;0;0;0;-2461;0;0;0;0;0;0;0;0;0;0;0;0;-2461;;;;-1;;;;;;;;;;;;;-1
Tarsus Pharmaceuticals Inc.;TARS US Equity;0;0;0;0;0;0;0;-46978.4;0;0;0;0;0;0;0;0;-46978.4;;;;;;;;-1;;;;;;;;;-1
Tesla Inc.;TSLA US Equity;0;0;0;-654;0;-439;0;-6191.6;0;0;0;0;0;0;0;0;-7284.6;;;;-1;;-1;;-1;;;;;;;;;-1
Thales SA;HO FP Equity;0;0;0;0;0;0;0;0;0;0;-42971;0;0;0;0;0;-42971;;;;;;;;;;;-0.8089420180722891;;;;;;-0.8089420180722891
The TJX Companies, Inc.;TJX US Equity;0;0;0;0;0;0;0;0;0;0;-20285;0;0;0;0;0;-20285;;;;;;;;;;;-0.30203540745373058;;;;;;-0.30203540745373058
UBER TECHNOLOGIES INC;UBER US Equity;0;0;0;0;16599;595;0;0;0;0;0;0;0;0;0;0;17194;;;;;;;;;;;;;;;;;
UNIBEP SA;UNI PW Equity;663686;-18283;0;0;0;0;0;0;0;175000;0;0;0;0;0;0;820403;;-0.38367749517334005;;;;;;;;0.3711637574497868;;;;;;;1.5803055811319445
UNIMOT S.A.;UNT PW Equity;0;0;0;0;0;0;0;-21119.1;0;0;0;0;0;0;0;0;-21119.1;;0;;;;;;-1;;;;;;;;;-0.9501508521594849
Ultimate Games S.A.;ULG PW Equity;-3500;-905;0;0;0;0;0;0;0;0;0;0;0;0;0;0;-4405;-1;-1;;;;;;;;;;;;;;;-1
UniCredit S.p.A.;UCG IM Equity;0;0;0;0;0;0;0;53010.2;0;0;0;0;0;0;0;0;53010.2;;;;;;;;;;;;;;;;;
Urteste S.A.;URT PW Equity;-1835;0;0;0;0;0;0;0;0;0;0;0;0;0;0;0;-1835;-0.08186482266339501;;;;;;;;;;;;;;;;-0.08186482266339501
VERCOM S.A;VRC PW Equity;36552;8727;0;9776;3973;15050;0;-33453.5;13229;64687;318023;-18;0;17508;38378;644;493075.5;0.25580874531101273;;;;0.031211702227948335;;;-0.4645047119052148;2.492745430563407;21.736223118279568;;-0.009911894273127775;;;;;1.399595031148284
VIENNA INSURANCE GROUP AG;VIG AV Equity;0;0;0;0;38108;0;0;0;0;0;0;0;0;0;0;0;38108;;;;;;;;;;;;;;;;;
VIGO PHOTONICS S.A.;VGO PW Equity;0;-15;0;0;-98;-39;-229;0;0;0;-8555;0;0;0;0;0;-8936;;-0.027272727272727226;;0;-0.02401372212692965;-0.013527575442247697;-0.16727538349159975;;;;-1;;;;;;-0.44566355792728544
VINCI SA;DG FP Equity;0;0;0;0;0;1511;0;-19922.9;0;0;0;0;0;0;0;0;-18411.9;;;;;;0.6541125541125541;;-1;;;;;;;;;-0.8281374252908306
VISA INC.;V US Equity;0;0;0;0;0;-923;0;354.3;0;0;0;0;0;0;0;0;-568.7;;;;;;-0.56869993838570544;;0.0846265373343238;;;;;;;;;-0.0978891943204644
VOTUM S.A.;VOT PW Equity;0;0;0;0;-9344;0;0;0;0;0;0;0;0;0;0;0;-9344;;0;;;-0.2018186137929545;;;;;;;;;;;;-0.18021215043394413
VOXEL S.A.;VOX PW Equity;-8349;-1327;0;0;-11;0;0;0;0;11254;46690;-2571;0;0;0;21883;67569;-0.075286755157985885;-0.17686258829801417;;;-0.0001553409026718855;;;;;;0.20914710625335964;-0.07373734476725846;;;;;0.15105361286601472
VRG S.A.;VRG PW Equity;2240798;47998;0;0;0;0;2076;0;-66024;0;0;0;43534.3;-209860;0;0;2058522.3;;1454.4848484848486;;;;;0.1416871416871417;;-1;0;;;0.12449339962151186;-0.242256473717262;;;1.5772167349950027
VULCAN MATERIALS CO;VMC US Equity;0;0;0;0;0;-223;0;0;0;0;0;0;0;0;0;0;-223;;;;;;-0.10238751147842063;;;;;;;;;;;-0.10238751147842063
Varonis Systems Inc.;VRNS US Equity;0;0;0;0;0;0;0;-26873.7;0;0;0;0;0;0;0;0;-26873.7;;;;;;;;-1;;;;;;;;;-1
Vertiv Holdings Co.;VRT US Equity;0;0;0;0;0;0;0;-16461.6;0;0;0;0;0;-2728;0;0;-19189.6;;;;;;;;-0.410196650870075;;;;;;-1;;;-0.44773795574420504
Vestas Wind Systems A/S;VWS DC Equity;0;0;0;0;0;0;0;0;0;0;0;10656;0;0;0;0;10656;;;;;;;;;;;;0.4155357978474497;;;;;0.4155357978474497
Vonovia SE;VNA GR Equity;0;0;0;0;0;0;0;0;0;0;0;170816;0;0;0;0;170816;;;;;;;;;;;;3.3347519668898735;;;;;3.3347519668898735
WABTEC CORP;WAB US Equity;0;0;0;0;0;-190;0;0;0;0;0;0;0;0;0;0;-190;;;;;;-0.10047593865679538;;;;;;;;;;;-0.10047593865679538
WALMART INC;WMT US Equity;0;0;0;-2741;0;-1277;0;-29053;0;0;0;0;0;0;0;0;-33071;;;;-1;;-0.3738290398126464;;-0.8434990536640288;;;;;;;;;-0.8145479954985632
WASTE CONNECTIONS INC;WCN CN Equity;0;0;0;0;0;-58;0;0;0;0;0;0;0;0;0;0;-58;;;;;;-0.032511210762331877;;;;;;;;;;;-0.032511210762331877
WASTE MANAGEMENT INC;WM US Equity;0;0;0;0;0;-12;0;5160;0;0;0;0;0;0;0;0;5148;;;;;;-0.01264488935721808;;;;;;;;;;;5.424699683877766
WELLS FARGO & CO;WFC US Equity;0;0;0;-3037;0;-1892;0;-40050.3;0;0;0;0;0;0;0;0;-44979.3;;;;-1;;-0.4064446831364125;;-0.47671979311561394;;;;;;;;;-0.4904822181419508
WIRTUALNA POLSKA HOLDING S.A.;WPL PW Equity;-83386;3984;49751;-9455;0;-3223;1546;0;1847;-40439;-227467;-56728;3063.8;6170;-65345;4;-419677.2;-0.3684836165182615;0.55853077246600314;;-0.24398740710156897;;-0.16105336797921243;0.1738055087127599;;0.5641417226634087;-0.15578266932731344;-1;-0.5367953898125455;0.11662898080685814;0.24074290842405087;-0.9039786404006308;;-0.4109334208576746
WITTCHEN S.A.;WTN PW Equity;0;-961;-74900;0;-62842;0;0;0;0;0;0;0;0;-42515;-970;10987;-171201;;-0.10803822372119164;-1;;-1;;;;;;;;;-1;-0.01352934612809642;;-0.6563247561798443
Walt Disney Co/The;DIS US Equity;0;0;0;-4541;0;0;0;0;0;0;0;0;0;0;0;0;-4541;;;;-1;;;;;;;;;;;;;-1
Western Digital Corp.;WDC US Equity;0;0;0;0;0;0;0;27818.7;0;0;0;0;0;0;0;0;27818.7;;;;;;;;;;;;;;;;;
Wheaton Precious Metals Corp.;WPM CN Equity;0;0;0;0;0;0;0;23401.4;0;0;0;0;0;0;0;0;23401.4;;;;;;;;;;;;;;;;;
Wielton S.A.;WLT PW Equity;0;-282;0;0;0;0;5077;0;0;0;0;0;0;-116673;0;0;-111878;;-0.012722187133447638;;;;;0.2271181891384093;;;;;0;;-1;;;-0.3153118368060155
Wizz Air Holdings Plc;WIZZ LN Equity;0;0;0;0;0;0;0;0;0;0;0;23555;0;15375;0;0;38930;;;;;;;;;;;;0.3664265824557036;;0.5577523035623595;;;0.42384783721107475
XTB S.A.;XTB PW Equity;267190;-393;103940;19700;-67614;36593;14482;165701.2;565;136763;487083;289153;0;91068;-10155;65558;1599634.2;;-0.006848002230392614;1.2326119181737324;0.3281091254309556;-0.354291223676006;0.4414326384867786;0.6510812390414962;0.3457708854120314;0.02580026485227638;0.2909597247899651;0.764695908553558;1.9311111704756433;;2.587085594159257;-0.05510606085271952;;0.6462963267854136
Xylem Inc.;XYL US Equity;0;0;0;0;0;0;0;0;0;0;0;0;0;0;0;0;0;;;;;;;;;;;;0;;;;;0
ZABKA GROUP SA;ZAB PW Equity;244008;103996;680829;-82443;338952;270897;2064;-204880.9;147767;837109;-905295;1836144;636.2;-291672;-108413;120;2869818.3;;0.9732350078610466;;-0.20580342543891405;7.882421339038627;0.9176168119830092;0.03008570928808818;-0.1197715803580176;;0.2274760753230922;-0.22157907721949886;;0.0038652955174347525;-1;-0.17073370468185768;;0.24994581384718707
ZESPÓŁ ELEKTROWNI PĄTNÓW-ADAMÓW-KONIN S.A.;ZEP PW Equity;0;0;0;0;0;0;0;0;0;0;0;0;0;0;0;0;0;;0;;;;;;;;;;;;;;;0
ZUE S.A.;ZUE PW Equity;0;-273;0;0;0;0;0;0;0;0;0;0;0;0;0;0;-273;;-0.018761597141089936;;;;;;;;;;;;;;;-0.018761597141089936
Zalando SE;ZAL GR Equity;0;0;-752;0;0;0;0;0;0;0;0;0;0;-11735;-27000;0;-39487;;;-1;0;;;;;;;;;;-1;-1;;-0.6864081214038626
Zoetis Inc.;ZTS US Equity;0;0;0;0;0;0;0;0;0;0;0;16684;0;0;0;0;16684;;;;;;;;;;;;;;;;;
